138,288,/media/mobile/myExperiment/apps/apks_wandoujia/apks/all_app/小学英语100分.apk,,,,,,,,,0.479166667
130,371,/media/mobile/myExperiment/apps/apks_wandoujia/apks/all_app/今日头条.apk,,,,,,,,,0.350404313
75,238,/media/mobile/myExperiment/apps/apks_wandoujia/apks/all_app/酷我听书.apk,,,,,,,,,0.31512605
413,545,/media/mobile/myExperiment/apps/apks_wandoujia/apks/all_app/每日瑜伽.apk,,,,,,,,,0.757798165
238,442,/media/mobile/myExperiment/apps/apks_wandoujia/apks/all_app/WhatsApp,.apk,,,,,,,,0.538461538
101,286,/media/mobile/myExperiment/apps/apks_wandoujia/apks/all_app/蜻蜓FM.apk,,,,,,,,,0.353146853
36,92,/media/mobile/myExperiment/apps/apks_wandoujia/apks/all_app/Prisma艺术相机.apk,,,,,,,,,0.391304348
87,260,/media/mobile/myExperiment/apps/apks_wandoujia/apks/all_app/丁香医生.apk,,,,,,,,,0.334615385
10,11,/media/mobile/myExperiment/apps/apks_wandoujia/apks/all_app/屏幕亮度调节.apk,,,,,,,,,0.909090909
93,172,/media/mobile/myExperiment/apps/apks_wandoujia/apks/all_app/90后小清新动态壁纸.apk,,,,,,,,,0.540697674
16,73,/media/mobile/myExperiment/apps/apks_wandoujia/apks/all_app/Blur壁纸工具.apk,,,,,,,,,0.219178082
15,62,/media/mobile/myExperiment/apps/apks_wandoujia/apks/all_app/安卓手电筒.apk,,,,,,,,,0.241935484
60,355,/media/mobile/myExperiment/apps/apks_wandoujia/apks/all_app/大众点评.apk,,,,,,,,,0.169014085
189,330,/media/mobile/myExperiment/apps/apks_wandoujia/apks/all_app/美食杰.apk,,,,,,,,,0.572727273
52,112,/media/mobile/myExperiment/apps/apks_wandoujia/apks/all_app/LT来电闪光.apk,,,,,,,,,0.464285714
0,22,/media/mobile/myExperiment/apps/apks_wandoujia/apks/all_app/GPS,测试仪​​​​​​.apk,,,,,,,,0
2,11,/media/mobile/myExperiment/apps/apks_wandoujia/apks/all_app/CNTV奥运直播.apk,,,,,,,,,0.181818182
58,192,/media/mobile/myExperiment/apps/apks_wandoujia/apks/all_app/Runtastic,Sit-Ups,PRO仰卧起坐软件专业版.apk,,,,,,,0.302083333
86,330,/media/mobile/myExperiment/apps/apks_wandoujia/apks/all_app/少儿趣配音.apk,,,,,,,,,0.260606061
43,88,/media/mobile/myExperiment/apps/apks_wandoujia/apks/all_app/OSU.apk,,,,,,,,,0.488636364
152,312,/media/mobile/myExperiment/apps/apks_wandoujia/apks/all_app/腾讯新闻.apk,,,,,,,,,0.487179487
103,190,/media/mobile/myExperiment/apps/apks_wandoujia/apks/all_app/AA小说下载阅读器.apk,,,,,,,,,0.542105263
26,106,/media/mobile/myExperiment/apps/apks_wandoujia/apks/all_app/优酷.apk,,,,,,,,,0.245283019
201,389,/media/mobile/myExperiment/apps/apks_wandoujia/apks/all_app/酷划锁屏.apk,,,,,,,,,0.516709512
162,322,/media/mobile/myExperiment/apps/apks_wandoujia/apks/all_app/玩吧.apk,,,,,,,,,0.50310559
20,104,/media/mobile/myExperiment/apps/apks_wandoujia/apks/all_app/宝宝学蔬菜.apk,,,,,,,,,0.192307692
8,49,/media/mobile/myExperiment/apps/apks_wandoujia/apks/all_app/Google,地球.apk,,,,,,,,0.163265306
49,180,/media/mobile/myExperiment/apps/apks_wandoujia/apks/all_app/企鹅FM.apk,,,,,,,,,0.272222222
164,297,/media/mobile/myExperiment/apps/apks_wandoujia/apks/all_app/纳米盒.apk,,,,,,,,,0.552188552
38,102,/media/mobile/myExperiment/apps/apks_wandoujia/apks/all_app/Booking.com缤客.apk,,,,,,,,,0.37254902
177,316,/media/mobile/myExperiment/apps/apks_wandoujia/apks/all_app/乐动力.apk,,,,,,,,,0.560126582
172,412,/media/mobile/myExperiment/apps/apks_wandoujia/apks/all_app/正点闹钟.apk,,,,,,,,,0.417475728
180,296,/media/mobile/myExperiment/apps/apks_wandoujia/apks/all_app/Nike+,Running.apk,,,,,,,,0.608108108
115,266,/media/mobile/myExperiment/apps/apks_wandoujia/apks/all_app/虾米音乐.apk,,,,,,,,,0.432330827
66,167,/media/mobile/myExperiment/apps/apks_wandoujia/apks/all_app/最美壁纸.apk,,,,,,,,,0.395209581
204,322,/media/mobile/myExperiment/apps/apks_wandoujia/apks/all_app/秀壁纸.apk,,,,,,,,,0.633540373
22,52,/media/mobile/myExperiment/apps/apks_wandoujia/apks/all_app/系统程序安全卸载器.apk,,,,,,,,,0.423076923
3,56,/media/mobile/myExperiment/apps/apks_wandoujia/apks/all_app/模拟农场.apk,,,,,,,,,0.053571429
296,488,/media/mobile/myExperiment/apps/apks_wandoujia/apks/all_app/古诗词典.apk,,,,,,,,,0.606557377
5,64,/media/mobile/myExperiment/apps/apks_wandoujia/apks/all_app/Google,Play,Services.apk,,,,,,,0.078125
77,191,/media/mobile/myExperiment/apps/apks_wandoujia/apks/all_app/95美女秀.apk,,,,,,,,,0.403141361
12,53,/media/mobile/myExperiment/apps/apks_wandoujia/apks/all_app/FT中文网.apk,,,,,,,,,0.226415094
132,183,/media/mobile/myExperiment/apps/apks_wandoujia/apks/all_app/百词斩.apk,,,,,,,,,0.721311475
52,106,/media/mobile/myExperiment/apps/apks_wandoujia/apks/all_app/结缘.apk,,,,,,,,,0.490566038
276,406,/media/mobile/myExperiment/apps/apks_wandoujia/apks/all_app/同城夜约会.apk,,,,,,,,,0.679802956
70,141,/media/mobile/myExperiment/apps/apks_wandoujia/apks/all_app/imo,免费视频通话和聊天.apk,,,,,,,,0.496453901
207,376,/media/mobile/myExperiment/apps/apks_wandoujia/apks/all_app/沪江开心词场.apk,,,,,,,,,0.550531915
58,222,/media/mobile/myExperiment/apps/apks_wandoujia/apks/all_app/儿歌多多.apk,,,,,,,,,0.261261261
348,575,/media/mobile/myExperiment/apps/apks_wandoujia/apks/all_app/豆果美食.apk,,,,,,,,,0.605217391
421,617,/media/mobile/myExperiment/apps/apks_wandoujia/apks/all_app/酷音铃声.apk,,,,,,,,,0.682333874
93,325,/media/mobile/myExperiment/apps/apks_wandoujia/apks/all_app/百度输入法.apk,,,,,,,,,0.286153846
61,234,/media/mobile/myExperiment/apps/apks_wandoujia/apks/all_app/腾讯手机管家.apk,,,,,,,,,0.260683761
167,271,/media/mobile/myExperiment/apps/apks_wandoujia/apks/all_app/作家助手.apk,,,,,,,,,0.616236162
38,155,/media/mobile/myExperiment/apps/apks_wandoujia/apks/all_app/城市旅游指南Guides.apk,,,,,,,,,0.24516129
96,190,/media/mobile/myExperiment/apps/apks_wandoujia/apks/all_app/小蓝单车.apk,,,,,,,,,0.505263158
32,123,/media/mobile/myExperiment/apps/apks_wandoujia/apks/all_app/宝宝巴士大全.apk,,,,,,,,,0.260162602
2,17,/media/mobile/myExperiment/apps/apks_wandoujia/apks/all_app/3D视差背景.apk,,,,,,,,,0.117647059
307,558,/media/mobile/myExperiment/apps/apks_wandoujia/apks/all_app/网易彩票.apk,,,,,,,,,0.550179211
152,313,/media/mobile/myExperiment/apps/apks_wandoujia/apks/all_app/美团众包.apk,,,,,,,,,0.485623003
98,166,/media/mobile/myExperiment/apps/apks_wandoujia/apks/all_app/快读免费小说.apk,,,,,,,,,0.590361446
27,57,/media/mobile/myExperiment/apps/apks_wandoujia/apks/all_app/极速清理.apk,,,,,,,,,0.473684211
68,113,/media/mobile/myExperiment/apps/apks_wandoujia/apks/all_app/优酷大屏幕for,Pad.apk,,,,,,,,0.601769912
168,252,/media/mobile/myExperiment/apps/apks_wandoujia/apks/all_app/得到.apk,,,,,,,,,0.666666667
8,63,/media/mobile/myExperiment/apps/apks_wandoujia/apks/all_app/HD,Landscape,Walls.apk,,,,,,,0.126984127
35,144,/media/mobile/myExperiment/apps/apks_wandoujia/apks/all_app/多看阅读.apk,,,,,,,,,0.243055556
57,208,/media/mobile/myExperiment/apps/apks_wandoujia/apks/all_app/Chrome.apk,,,,,,,,,0.274038462
0,1,/media/mobile/myExperiment/apps/apks_wandoujia/apks/all_app/一键锁屏.apk,,,,,,,,,0
245,536,/media/mobile/myExperiment/apps/apks_wandoujia/apks/all_app/APUS.apk,,,,,,,,,0.457089552
112,192,/media/mobile/myExperiment/apps/apks_wandoujia/apks/all_app/网易公开课.apk,,,,,,,,,0.583333333
237,327,/media/mobile/myExperiment/apps/apks_wandoujia/apks/all_app/CCTV微视.apk,,,,,,,,,0.724770642
45,121,/media/mobile/myExperiment/apps/apks_wandoujia/apks/all_app/7分钟锻炼,Seven.apk,,,,,,,,0.371900826
16,77,/media/mobile/myExperiment/apps/apks_wandoujia/apks/all_app/Elun主题.apk,,,,,,,,,0.207792208
168,265,/media/mobile/myExperiment/apps/apks_wandoujia/apks/all_app/葫芦侠我的世界.apk,,,,,,,,,0.633962264
65,198,/media/mobile/myExperiment/apps/apks_wandoujia/apks/all_app/拍大师.apk,,,,,,,,,0.328282828
105,212,/media/mobile/myExperiment/apps/apks_wandoujia/apks/all_app/风行视频.apk,,,,,,,,,0.495283019
196,422,/media/mobile/myExperiment/apps/apks_wandoujia/apks/all_app/QQ,HD.apk,,,,,,,,0.464454976
174,273,/media/mobile/myExperiment/apps/apks_wandoujia/apks/all_app/丁香园.apk,,,,,,,,,0.637362637
96,324,/media/mobile/myExperiment/apps/apks_wandoujia/apks/all_app/QQ音乐.apk,,,,,,,,,0.296296296
46,262,/media/mobile/myExperiment/apps/apks_wandoujia/apks/all_app/哔哩哔哩动画.apk,,,,,,,,,0.175572519
19,103,/media/mobile/myExperiment/apps/apks_wandoujia/apks/all_app/宝宝懂礼貌.apk,,,,,,,,,0.184466019
357,520,/media/mobile/myExperiment/apps/apks_wandoujia/apks/all_app/号簿助手.apk,,,,,,,,,0.686538462
104,265,/media/mobile/myExperiment/apps/apks_wandoujia/apks/all_app/Uber优步.apk,,,,,,,,,0.39245283
31,94,/media/mobile/myExperiment/apps/apks_wandoujia/apks/all_app/RE文件管理器.apk,,,,,,,,,0.329787234
66,152,/media/mobile/myExperiment/apps/apks_wandoujia/apks/all_app/91老人桌面.apk,,,,,,,,,0.434210526
33,132,/media/mobile/myExperiment/apps/apks_wandoujia/apks/all_app/SNOW相机.apk,,,,,,,,,0.25
0,16,/media/mobile/myExperiment/apps/apks_wandoujia/apks/all_app/DynEd.apk,,,,,,,,,0
118,247,/media/mobile/myExperiment/apps/apks_wandoujia/apks/all_app/爱奇艺PPS.apk,,,,,,,,,0.477732794
62,141,/media/mobile/myExperiment/apps/apks_wandoujia/apks/all_app/即刻.apk,,,,,,,,,0.439716312
151,264,/media/mobile/myExperiment/apps/apks_wandoujia/apks/all_app/百度音乐.apk,,,,,,,,,0.571969697
387,676,/media/mobile/myExperiment/apps/apks_wandoujia/apks/all_app/快牙.apk,,,,,,,,,0.572485207
163,394,/media/mobile/myExperiment/apps/apks_wandoujia/apks/all_app/运满满司机.apk,,,,,,,,,0.413705584
146,382,/media/mobile/myExperiment/apps/apks_wandoujia/apks/all_app/百姓网.apk,,,,,,,,,0.382198953
74,205,/media/mobile/myExperiment/apps/apks_wandoujia/apks/all_app/LINE,Camera.apk,,,,,,,,0.36097561
10,38,/media/mobile/myExperiment/apps/apks_wandoujia/apks/all_app/i练-场馆版.apk,,,,,,,,,0.263157895
188,330,/media/mobile/myExperiment/apps/apks_wandoujia/apks/all_app/触手直播.apk,,,,,,,,,0.56969697
4,68,/media/mobile/myExperiment/apps/apks_wandoujia/apks/all_app/科学计算器.apk,,,,,,,,,0.058823529
131,285,/media/mobile/myExperiment/apps/apks_wandoujia/apks/all_app/悦跑圈运动计步器.apk,,,,,,,,,0.459649123
414,600,/media/mobile/myExperiment/apps/apks_wandoujia/apks/all_app/铃声大全.apk,,,,,,,,,0.69
26,81,/media/mobile/myExperiment/apps/apks_wandoujia/apks/all_app/极速安全VPN.apk,,,,,,,,,0.320987654
131,301,/media/mobile/myExperiment/apps/apks_wandoujia/apks/all_app/咪咕视频.apk,,,,,,,,,0.435215947
167,562,/media/mobile/myExperiment/apps/apks_wandoujia/apks/all_app/虚拟按键大师.apk,,,,,,,,,0.297153025
15,55,/media/mobile/myExperiment/apps/apks_wandoujia/apks/all_app/超级指南针.apk,,,,,,,,,0.272727273
19,31,/media/mobile/myExperiment/apps/apks_wandoujia/apks/all_app/小米计算器.apk,,,,,,,,,0.612903226
510,674,/media/mobile/myExperiment/apps/apks_wandoujia/apks/all_app/我查查.apk,,,,,,,,,0.756676558
9,34,/media/mobile/myExperiment/apps/apks_wandoujia/apks/all_app/FBI指纹.apk,,,,,,,,,0.264705882
312,519,/media/mobile/myExperiment/apps/apks_wandoujia/apks/all_app/京东金融.apk,,,,,,,,,0.601156069
22,126,/media/mobile/myExperiment/apps/apks_wandoujia/apks/all_app/链家.apk,,,,,,,,,0.174603175
61,197,/media/mobile/myExperiment/apps/apks_wandoujia/apks/all_app/狼人杀.apk,,,,,,,,,0.30964467
359,519,/media/mobile/myExperiment/apps/apks_wandoujia/apks/all_app/多玩我的世界盒子.apk,,,,,,,,,0.691714836
26,71,/media/mobile/myExperiment/apps/apks_wandoujia/apks/all_app/cc来电炫图.apk,,,,,,,,,0.366197183
151,394,/media/mobile/myExperiment/apps/apks_wandoujia/apks/all_app/百度文库.apk,,,,,,,,,0.383248731
307,553,/media/mobile/myExperiment/apps/apks_wandoujia/apks/all_app/沪江网校.apk,,,,,,,,,0.555153707
1,25,/media/mobile/myExperiment/apps/apks_wandoujia/apks/all_app/7分钟的锻炼,7,Minute,Workout.apk,,,,,,0.04
52,183,/media/mobile/myExperiment/apps/apks_wandoujia/apks/all_app/iFANCL,CN.apk,,,,,,,,0.284153005
50,163,/media/mobile/myExperiment/apps/apks_wandoujia/apks/all_app/GG泰拉瑞亚盒子.apk,,,,,,,,,0.306748466
155,403,/media/mobile/myExperiment/apps/apks_wandoujia/apks/all_app/百度视频.apk,,,,,,,,,0.384615385
37,97,/media/mobile/myExperiment/apps/apks_wandoujia/apks/all_app/三星主题商店.apk,,,,,,,,,0.381443299
12,63,/media/mobile/myExperiment/apps/apks_wandoujia/apks/all_app/龙卷风收音机.apk,,,,,,,,,0.19047619
40,123,/media/mobile/myExperiment/apps/apks_wandoujia/apks/all_app/导航犬.apk,,,,,,,,,0.325203252
173,296,/media/mobile/myExperiment/apps/apks_wandoujia/apks/all_app/芒果TV.apk,,,,,,,,,0.584459459
79,187,/media/mobile/myExperiment/apps/apks_wandoujia/apks/all_app/有道翻译官.apk,,,,,,,,,0.422459893
27,90,/media/mobile/myExperiment/apps/apks_wandoujia/apks/all_app/超级抢红包助手.apk,,,,,,,,,0.3
175,261,/media/mobile/myExperiment/apps/apks_wandoujia/apks/all_app/穷游.apk,,,,,,,,,0.670498084
34,141,/media/mobile/myExperiment/apps/apks_wandoujia/apks/all_app/Boss直聘.apk,,,,,,,,,0.241134752
203,346,/media/mobile/myExperiment/apps/apks_wandoujia/apks/all_app/HIGO.apk,,,,,,,,,0.586705202
30,77,/media/mobile/myExperiment/apps/apks_wandoujia/apks/all_app/ANT桌面.apk,,,,,,,,,0.38961039
362,1150,/media/mobile/myExperiment/apps/apks_wandoujia/apks/all_app/KakaoTalk.apk,,,,,,,,,0.314782609
373,475,/media/mobile/myExperiment/apps/apks_wandoujia/apks/all_app/8868手游交易.apk,,,,,,,,,0.785263158
111,377,/media/mobile/myExperiment/apps/apks_wandoujia/apks/all_app/探探.apk,,,,,,,,,0.294429708
49,181,/media/mobile/myExperiment/apps/apks_wandoujia/apks/all_app/MIX滤镜大师.apk,,,,,,,,,0.270718232
311,486,/media/mobile/myExperiment/apps/apks_wandoujia/apks/all_app/驾校一点通.apk,,,,,,,,,0.639917695
235,360,/media/mobile/myExperiment/apps/apks_wandoujia/apks/all_app/咕咚.apk,,,,,,,,,0.652777778
77,226,/media/mobile/myExperiment/apps/apks_wandoujia/apks/all_app/今日头条极速版.apk,,,,,,,,,0.340707965
72,177,/media/mobile/myExperiment/apps/apks_wandoujia/apks/all_app/BBC双语新闻.apk,,,,,,,,,0.406779661
40,155,/media/mobile/myExperiment/apps/apks_wandoujia/apks/all_app/Nova,Launcher.apk,,,,,,,,0.258064516
78,195,/media/mobile/myExperiment/apps/apks_wandoujia/apks/all_app/Nike+,Training,Club.apk,,,,,,,0.4
326,463,/media/mobile/myExperiment/apps/apks_wandoujia/apks/all_app/有缘网.apk,,,,,,,,,0.704103672
115,389,/media/mobile/myExperiment/apps/apks_wandoujia/apks/all_app/GO天气EX.apk,,,,,,,,,0.29562982
542,625,/media/mobile/myExperiment/apps/apks_wandoujia/apks/all_app/亲宝宝.apk,,,,,,,,,0.8672
190,218,/media/mobile/myExperiment/apps/apks_wandoujia/apks/all_app/TP-LINK.apk,,,,,,,,,0.871559633
50,156,/media/mobile/myExperiment/apps/apks_wandoujia/apks/all_app/Runtastic,Heart,Rate,PRO心率软件.apk,,,,,,0.320512821
50,215,/media/mobile/myExperiment/apps/apks_wandoujia/apks/all_app/百度贴吧.apk,,,,,,,,,0.23255814
113,292,/media/mobile/myExperiment/apps/apks_wandoujia/apks/all_app/免费wifi电话.apk,,,,,,,,,0.386986301
88,226,/media/mobile/myExperiment/apps/apks_wandoujia/apks/all_app/纹字锁屏.apk,,,,,,,,,0.389380531
23,125,/media/mobile/myExperiment/apps/apks_wandoujia/apks/all_app/扫一扫.apk,,,,,,,,,0.184
24,62,/media/mobile/myExperiment/apps/apks_wandoujia/apks/all_app/DIY,动态壁纸.apk,,,,,,,,0.387096774
38,121,/media/mobile/myExperiment/apps/apks_wandoujia/apks/all_app/锤子桌面.apk,,,,,,,,,0.314049587
56,133,/media/mobile/myExperiment/apps/apks_wandoujia/apks/all_app/58同城.apk,,,,,,,,,0.421052632
9,76,/media/mobile/myExperiment/apps/apks_wandoujia/apks/all_app/SHOPBOP.apk,,,,,,,,,0.118421053
45,153,/media/mobile/myExperiment/apps/apks_wandoujia/apks/all_app/上海地铁.apk,,,,,,,,,0.294117647
77,182,/media/mobile/myExperiment/apps/apks_wandoujia/apks/all_app/Fotor.apk,,,,,,,,,0.423076923
42,91,/media/mobile/myExperiment/apps/apks_wandoujia/apks/all_app/百度一键root.apk,,,,,,,,,0.461538462
34,219,/media/mobile/myExperiment/apps/apks_wandoujia/apks/all_app/Moves.apk,,,,,,,,,0.155251142
119,320,/media/mobile/myExperiment/apps/apks_wandoujia/apks/all_app/挖财宝.apk,,,,,,,,,0.371875
9,41,/media/mobile/myExperiment/apps/apks_wandoujia/apks/all_app/500,Firepaper动态壁纸.apk,,,,,,,,0.219512195
51,177,/media/mobile/myExperiment/apps/apks_wandoujia/apks/all_app/CoCo桌面.apk,,,,,,,,,0.288135593
46,56,/media/mobile/myExperiment/apps/apks_wandoujia/apks/all_app/来电拦截专家.apk,,,,,,,,,0.821428571
167,271,/media/mobile/myExperiment/apps/apks_wandoujia/apks/all_app/WiFi万能密码.apk,,,,,,,,,0.616236162
18,105,/media/mobile/myExperiment/apps/apks_wandoujia/apks/all_app/照顾小宝宝-宝宝巴士.apk,,,,,,,,,0.171428571
186,348,/media/mobile/myExperiment/apps/apks_wandoujia/apks/all_app/车主无忧.apk,,,,,,,,,0.534482759
18,124,/media/mobile/myExperiment/apps/apks_wandoujia/apks/all_app/MyFitnessPal减肥宝.apk,,,,,,,,,0.14516129
40,151,/media/mobile/myExperiment/apps/apks_wandoujia/apks/all_app/HiddenTag,C.O.P..apk,,,,,,,,0.264900662
173,505,/media/mobile/myExperiment/apps/apks_wandoujia/apks/all_app/微话.apk,,,,,,,,,0.342574257
137,298,/media/mobile/myExperiment/apps/apks_wandoujia/apks/all_app/快贷.apk,,,,,,,,,0.459731544
2,37,/media/mobile/myExperiment/apps/apks_wandoujia/apks/all_app/7分钟的锻炼.apk,,,,,,,,,0.054054054
0,0,/media/mobile/myExperiment/apps/apks_wandoujia/apks/all_app/平安金管家.apk,,,,,,,,,#DIV/0!
134,471,/media/mobile/myExperiment/apps/apks_wandoujia/apks/all_app/扇贝听力.apk,,,,,,,,,0.284501062
76,204,/media/mobile/myExperiment/apps/apks_wandoujia/apks/all_app/Cortana,微软小娜.apk,,,,,,,,0.37254902
55,195,/media/mobile/myExperiment/apps/apks_wandoujia/apks/all_app/Adobe,Acrobat,DC.apk,,,,,,,0.282051282
49,157,/media/mobile/myExperiment/apps/apks_wandoujia/apks/all_app/空气锁屏.apk,,,,,,,,,0.312101911
189,383,/media/mobile/myExperiment/apps/apks_wandoujia/apks/all_app/Hola桌面.apk,,,,,,,,,0.493472585
225,372,/media/mobile/myExperiment/apps/apks_wandoujia/apks/all_app/二手车之家.apk,,,,,,,,,0.60483871
37,113,/media/mobile/myExperiment/apps/apks_wandoujia/apks/all_app/鲜柚桌面.apk,,,,,,,,,0.327433628
335,792,/media/mobile/myExperiment/apps/apks_wandoujia/apks/all_app/360安全通讯录.apk,,,,,,,,,0.422979798
153,310,/media/mobile/myExperiment/apps/apks_wandoujia/apks/all_app/Forest.apk,,,,,,,,,0.493548387
41,131,/media/mobile/myExperiment/apps/apks_wandoujia/apks/all_app/TED演讲.apk,,,,,,,,,0.312977099
165,314,/media/mobile/myExperiment/apps/apks_wandoujia/apks/all_app/微锁屏.apk,,,,,,,,,0.525477707
62,148,/media/mobile/myExperiment/apps/apks_wandoujia/apks/all_app/天气预报.apk,,,,,,,,,0.418918919
108,244,/media/mobile/myExperiment/apps/apks_wandoujia/apks/all_app/书旗小说.apk,,,,,,,,,0.442622951
164,342,/media/mobile/myExperiment/apps/apks_wandoujia/apks/all_app/懒人周末.apk,,,,,,,,,0.479532164
4,96,/media/mobile/myExperiment/apps/apks_wandoujia/apks/all_app/12306官方版.apk,,,,,,,,,0.041666667
58,192,/media/mobile/myExperiment/apps/apks_wandoujia/apks/all_app/Runtastic,Push-Ups俯卧撑应用程序.apk,,,,,,,,0.302083333
50,148,/media/mobile/myExperiment/apps/apks_wandoujia/apks/all_app/100tv聚好看.apk,,,,,,,,,0.337837838
104,239,/media/mobile/myExperiment/apps/apks_wandoujia/apks/all_app/4G电话.apk,,,,,,,,,0.435146444
203,389,/media/mobile/myExperiment/apps/apks_wandoujia/apks/all_app/腾讯游戏助手.apk,,,,,,,,,0.5218509
211,656,/media/mobile/myExperiment/apps/apks_wandoujia/apks/all_app/1号店.apk,,,,,,,,,0.321646341
18,105,/media/mobile/myExperiment/apps/apks_wandoujia/apks/all_app/宝宝学数字.apk,,,,,,,,,0.171428571
53,145,/media/mobile/myExperiment/apps/apks_wandoujia/apks/all_app/CNN在线新闻,v1.4.1.apk,,,,,,,,0.365517241
12,44,/media/mobile/myExperiment/apps/apks_wandoujia/apks/all_app/3D,三星Note5,桌面.apk,,,,,,,0.272727273
106,282,/media/mobile/myExperiment/apps/apks_wandoujia/apks/all_app/爱奇艺动画屋.apk,,,,,,,,,0.375886525
64,171,/media/mobile/myExperiment/apps/apks_wandoujia/apks/all_app/糗事百科.apk,,,,,,,,,0.374269006
154,282,/media/mobile/myExperiment/apps/apks_wandoujia/apks/all_app/同花顺炒股票.apk,,,,,,,,,0.546099291
212,374,/media/mobile/myExperiment/apps/apks_wandoujia/apks/all_app/E宠商城.apk,,,,,,,,,0.56684492
32,157,/media/mobile/myExperiment/apps/apks_wandoujia/apks/all_app/百度贴吧极速版.apk,,,,,,,,,0.203821656
242,522,/media/mobile/myExperiment/apps/apks_wandoujia/apks/all_app/老板锁屏.apk,,,,,,,,,0.463601533
108,178,/media/mobile/myExperiment/apps/apks_wandoujia/apks/all_app/微会.apk,,,,,,,,,0.606741573
67,134,/media/mobile/myExperiment/apps/apks_wandoujia/apks/all_app/爱吾游戏宝盒.apk,,,,,,,,,0.5
73,179,/media/mobile/myExperiment/apps/apks_wandoujia/apks/all_app/Ginger,键盘.apk,,,,,,,,0.407821229
11,81,/media/mobile/myExperiment/apps/apks_wandoujia/apks/all_app/GPS测试.apk,,,,,,,,,0.135802469
92,174,/media/mobile/myExperiment/apps/apks_wandoujia/apks/all_app/美柚.apk,,,,,,,,,0.528735632
170,341,/media/mobile/myExperiment/apps/apks_wandoujia/apks/all_app/ES文件浏览器.apk,,,,,,,,,0.498533724
175,350,/media/mobile/myExperiment/apps/apks_wandoujia/apks/all_app/微微电话.apk,,,,,,,,,0.5
14,47,/media/mobile/myExperiment/apps/apks_wandoujia/apks/all_app/智能感应计步器.apk,,,,,,,,,0.29787234
23,96,/media/mobile/myExperiment/apps/apks_wandoujia/apks/all_app/Buzz小部件.apk,,,,,,,,,0.239583333
45,93,/media/mobile/myExperiment/apps/apks_wandoujia/apks/all_app/Movnow.apk,,,,,,,,,0.483870968
36,91,/media/mobile/myExperiment/apps/apks_wandoujia/apks/all_app/英语流利说.apk,,,,,,,,,0.395604396
288,466,/media/mobile/myExperiment/apps/apks_wandoujia/apks/all_app/懂球帝.apk,,,,,,,,,0.618025751
82,405,/media/mobile/myExperiment/apps/apks_wandoujia/apks/all_app/春雨医生.apk,,,,,,,,,0.202469136
100,334,/media/mobile/myExperiment/apps/apks_wandoujia/apks/all_app/我的世界联机平台.apk,,,,,,,,,0.299401198
155,278,/media/mobile/myExperiment/apps/apks_wandoujia/apks/all_app/星巴克.apk,,,,,,,,,0.557553957
71,192,/media/mobile/myExperiment/apps/apks_wandoujia/apks/all_app/com.aldiko.android.apk,,,,,,,,,0.369791667
152,379,/media/mobile/myExperiment/apps/apks_wandoujia/apks/all_app/安兔兔评测.apk,,,,,,,,,0.401055409
0,42,/media/mobile/myExperiment/apps/apks_wandoujia/apks/all_app/Steam.apk,,,,,,,,,0
1,10,/media/mobile/myExperiment/apps/apks_wandoujia/apks/all_app/3D动态金鱼.apk,,,,,,,,,0.1
3,39,/media/mobile/myExperiment/apps/apks_wandoujia/apks/all_app/34金币管理.apk,,,,,,,,,0.076923077
160,295,/media/mobile/myExperiment/apps/apks_wandoujia/apks/all_app/狼人杀Online.apk,,,,,,,,,0.542372881
100,317,/media/mobile/myExperiment/apps/apks_wandoujia/apks/all_app/世纪佳缘.apk,,,,,,,,,0.315457413
249,400,/media/mobile/myExperiment/apps/apks_wandoujia/apks/all_app/小月历.apk,,,,,,,,,0.6225
303,454,/media/mobile/myExperiment/apps/apks_wandoujia/apks/all_app/BESTKEEP.apk,,,,,,,,,0.667400881
0,0,/media/mobile/myExperiment/apps/apks_wandoujia/apks/all_app/Finger学吉他钢琴曲谱.apk,,,,,,,,,#DIV/0!
223,593,/media/mobile/myExperiment/apps/apks_wandoujia/apks/all_app/点心桌面.apk,,,,,,,,,0.376053963
118,352,/media/mobile/myExperiment/apps/apks_wandoujia/apks/all_app/声控锁屏.apk,,,,,,,,,0.335227273
23,102,/media/mobile/myExperiment/apps/apks_wandoujia/apks/all_app/TST庭秘密（正式版）.apk,,,,,,,,,0.225490196
4,12,/media/mobile/myExperiment/apps/apks_wandoujia/apks/all_app/iNoty苹果通知栏.apk,,,,,,,,,0.333333333
652,931,/media/mobile/myExperiment/apps/apks_wandoujia/apks/all_app/中华万年历.apk,,,,,,,,,0.700322234
142,225,/media/mobile/myExperiment/apps/apks_wandoujia/apks/all_app/9块9包邮购.apk,,,,,,,,,0.631111111
69,157,/media/mobile/myExperiment/apps/apks_wandoujia/apks/all_app/CIBN全球购.apk,,,,,,,,,0.439490446
263,360,/media/mobile/myExperiment/apps/apks_wandoujia/apks/all_app/浦发手机银行.apk,,,,,,,,,0.730555556
204,299,/media/mobile/myExperiment/apps/apks_wandoujia/apks/all_app/动动.apk,,,,,,,,,0.682274247
57,193,/media/mobile/myExperiment/apps/apks_wandoujia/apks/all_app/Lifesum,-,The,Health,Movement.apk,,,,,0.295336788
165,272,/media/mobile/myExperiment/apps/apks_wandoujia/apks/all_app/瓜子二手车.apk,,,,,,,,,0.606617647
83,219,/media/mobile/myExperiment/apps/apks_wandoujia/apks/all_app/Fox,News,福克斯新闻.apk,,,,,,,0.378995434
89,288,/media/mobile/myExperiment/apps/apks_wandoujia/apks/all_app/QQ音乐HD.apk,,,,,,,,,0.309027778
176,300,/media/mobile/myExperiment/apps/apks_wandoujia/apks/all_app/Gofun出行.apk,,,,,,,,,0.586666667
217,312,/media/mobile/myExperiment/apps/apks_wandoujia/apks/all_app/通通免费电话.apk,,,,,,,,,0.695512821
327,523,/media/mobile/myExperiment/apps/apks_wandoujia/apks/all_app/百度外卖.apk,,,,,,,,,0.625239006
67,153,/media/mobile/myExperiment/apps/apks_wandoujia/apks/all_app/和我信.apk,,,,,,,,,0.437908497
396,616,/media/mobile/myExperiment/apps/apks_wandoujia/apks/all_app/搜狗输入法.apk,,,,,,,,,0.642857143
18,105,/media/mobile/myExperiment/apps/apks_wandoujia/apks/all_app/宝宝幼儿园.apk,,,,,,,,,0.171428571
19,81,/media/mobile/myExperiment/apps/apks_wandoujia/apks/all_app/6周完美健身.apk,,,,,,,,,0.234567901
325,474,/media/mobile/myExperiment/apps/apks_wandoujia/apks/all_app/唱吧.apk,,,,,,,,,0.685654008
543,639,/media/mobile/myExperiment/apps/apks_wandoujia/apks/all_app/QQ安全中心.apk,,,,,,,,,0.849765258
174,318,/media/mobile/myExperiment/apps/apks_wandoujia/apks/all_app/0013网咖.apk,,,,,,,,,0.547169811
133,274,/media/mobile/myExperiment/apps/apks_wandoujia/apks/all_app/手机电视.apk,,,,,,,,,0.48540146
62,363,/media/mobile/myExperiment/apps/apks_wandoujia/apks/all_app/用钱宝.apk,,,,,,,,,0.170798898
2,6,/media/mobile/myExperiment/apps/apks_wandoujia/apks/all_app/,科学计算器​​​​​.apk,,,,,,,,0.333333333
18,105,/media/mobile/myExperiment/apps/apks_wandoujia/apks/all_app/宝宝行为认知.apk,,,,,,,,,0.171428571
99,210,/media/mobile/myExperiment/apps/apks_wandoujia/apks/all_app/斗鱼.apk,,,,,,,,,0.471428571
0,3,/media/mobile/myExperiment/apps/apks_wandoujia/apks/all_app/转移到,iOS.apk,,,,,,,,0
42,138,/media/mobile/myExperiment/apps/apks_wandoujia/apks/all_app/HM官方客户端.apk,,,,,,,,,0.304347826
30,117,/media/mobile/myExperiment/apps/apks_wandoujia/apks/all_app/Messenger.apk,,,,,,,,,0.256410256
351,486,/media/mobile/myExperiment/apps/apks_wandoujia/apks/all_app/大姨吗.apk,,,,,,,,,0.722222222
249,462,/media/mobile/myExperiment/apps/apks_wandoujia/apks/all_app/360手机桌面.apk,,,,,,,,,0.538961039
23,52,/media/mobile/myExperiment/apps/apks_wandoujia/apks/all_app/换字体管家大师版.apk,,,,,,,,,0.442307692
200,369,/media/mobile/myExperiment/apps/apks_wandoujia/apks/all_app/网易云音乐.apk,,,,,,,,,0.54200542
58,200,/media/mobile/myExperiment/apps/apks_wandoujia/apks/all_app/应用锁.apk,,,,,,,,,0.29
50,177,/media/mobile/myExperiment/apps/apks_wandoujia/apks/all_app/Blued.apk,,,,,,,,,0.282485876
176,351,/media/mobile/myExperiment/apps/apks_wandoujia/apks/all_app/淘票票.apk,,,,,,,,,0.501424501
212,301,/media/mobile/myExperiment/apps/apks_wandoujia/apks/all_app/驴妈妈旅游.apk,,,,,,,,,0.704318937
23,60,/media/mobile/myExperiment/apps/apks_wandoujia/apks/all_app/新华字典.apk,,,,,,,,,0.383333333
76,145,/media/mobile/myExperiment/apps/apks_wandoujia/apks/all_app/EMS.apk,,,,,,,,,0.524137931
25,68,/media/mobile/myExperiment/apps/apks_wandoujia/apks/all_app/省电宝.apk,,,,,,,,,0.367647059
178,357,/media/mobile/myExperiment/apps/apks_wandoujia/apks/all_app/Funtouch桌面.apk,,,,,,,,,0.49859944
227,404,/media/mobile/myExperiment/apps/apks_wandoujia/apks/all_app/百度翻译.apk,,,,,,,,,0.561881188
32,113,/media/mobile/myExperiment/apps/apks_wandoujia/apks/all_app/小睡眠.apk,,,,,,,,,0.283185841
69,285,/media/mobile/myExperiment/apps/apks_wandoujia/apks/all_app/FIFA.apk,,,,,,,,,0.242105263
70,155,/media/mobile/myExperiment/apps/apks_wandoujia/apks/all_app/AcFun.apk,,,,,,,,,0.451612903
391,657,/media/mobile/myExperiment/apps/apks_wandoujia/apks/all_app/魔秀桌面.apk,,,,,,,,,0.595129376
30,63,/media/mobile/myExperiment/apps/apks_wandoujia/apks/all_app/Apex,Launcher.apk,,,,,,,,0.476190476
232,334,/media/mobile/myExperiment/apps/apks_wandoujia/apks/all_app/掌上如家.apk,,,,,,,,,0.694610778
115,260,/media/mobile/myExperiment/apps/apks_wandoujia/apks/all_app/Next桌面.apk,,,,,,,,,0.442307692
76,200,/media/mobile/myExperiment/apps/apks_wandoujia/apks/all_app/豆瓣FM.apk,,,,,,,,,0.38
155,352,/media/mobile/myExperiment/apps/apks_wandoujia/apks/all_app/CC直播.apk,,,,,,,,,0.440340909
30,114,/media/mobile/myExperiment/apps/apks_wandoujia/apks/all_app/毒.apk,,,,,,,,,0.263157895
65,179,/media/mobile/myExperiment/apps/apks_wandoujia/apks/all_app/点心拨号.apk,,,,,,,,,0.363128492
15,64,/media/mobile/myExperiment/apps/apks_wandoujia/apks/all_app/GuitarTuna,-,吉他调音器.apk,,,,,,,0.234375
34,185,/media/mobile/myExperiment/apps/apks_wandoujia/apks/all_app/HIIT间歇训练.apk,,,,,,,,,0.183783784
17,23,/media/mobile/myExperiment/apps/apks_wandoujia/apks/all_app/CBox网络电视客户端HD.apk,,,,,,,,,0.739130435
131,262,/media/mobile/myExperiment/apps/apks_wandoujia/apks/all_app/189邮箱.apk,,,,,,,,,0.5
30,92,/media/mobile/myExperiment/apps/apks_wandoujia/apks/all_app/微信炫字体.apk,,,,,,,,,0.326086957
489,640,/media/mobile/myExperiment/apps/apks_wandoujia/apks/all_app/汽车报价大全.apk,,,,,,,,,0.7640625
112,214,/media/mobile/myExperiment/apps/apks_wandoujia/apks/all_app/酷我K歌.apk,,,,,,,,,0.523364486
52,106,/media/mobile/myExperiment/apps/apks_wandoujia/apks/all_app/约爱同城交友.apk,,,,,,,,,0.490566038
13,82,/media/mobile/myExperiment/apps/apks_wandoujia/apks/all_app/Foodie美食相机.apk,,,,,,,,,0.158536585
195,541,/media/mobile/myExperiment/apps/apks_wandoujia/apks/all_app/艺龙旅行.apk,,,,,,,,,0.360443623
195,403,/media/mobile/myExperiment/apps/apks_wandoujia/apks/all_app/乐视体育.apk,,,,,,,,,0.483870968
210,408,/media/mobile/myExperiment/apps/apks_wandoujia/apks/all_app/崔玉涛育学园.apk,,,,,,,,,0.514705882
0,0,/media/mobile/myExperiment/apps/apks_wandoujia/apks/all_app/MX,Player,解码包,(ARMv7,NEON).apk,,,,,#DIV/0!
425,578,/media/mobile/myExperiment/apps/apks_wandoujia/apks/all_app/面包猎人.apk,,,,,,,,,0.735294118
44,146,/media/mobile/myExperiment/apps/apks_wandoujia/apks/all_app/FIFA,Online,3D.apk,,,,,,,0.301369863
26,57,/media/mobile/myExperiment/apps/apks_wandoujia/apks/all_app/2017驾考宝典科目一.apk,,,,,,,,,0.456140351
232,448,/media/mobile/myExperiment/apps/apks_wandoujia/apks/all_app/咪咕音乐.apk,,,,,,,,,0.517857143
1,6,/media/mobile/myExperiment/apps/apks_wandoujia/apks/all_app/Catty,GPS.apk,,,,,,,,0.166666667
44,86,/media/mobile/myExperiment/apps/apks_wandoujia/apks/all_app/二维码扫描.apk,,,,,,,,,0.511627907
69,178,/media/mobile/myExperiment/apps/apks_wandoujia/apks/all_app/过日子.apk,,,,,,,,,0.387640449
41,155,/media/mobile/myExperiment/apps/apks_wandoujia/apks/all_app/Lazada,-,Shopping,&,Deals.apk,,,,,0.264516129
14,20,/media/mobile/myExperiment/apps/apks_wandoujia/apks/all_app/3D变形金刚手机解锁.apk,,,,,,,,,0.7
25,55,/media/mobile/myExperiment/apps/apks_wandoujia/apks/all_app/Unova智能体温计.apk,,,,,,,,,0.454545455
126,278,/media/mobile/myExperiment/apps/apks_wandoujia/apks/all_app/酷狗手机铃声.apk,,,,,,,,,0.45323741
372,634,/media/mobile/myExperiment/apps/apks_wandoujia/apks/all_app/暴风影音.apk,,,,,,,,,0.586750789
134,232,/media/mobile/myExperiment/apps/apks_wandoujia/apks/all_app/奇思壁纸.apk,,,,,,,,,0.577586207
247,442,/media/mobile/myExperiment/apps/apks_wandoujia/apks/all_app/内涵段子.apk,,,,,,,,,0.558823529
30,94,/media/mobile/myExperiment/apps/apks_wandoujia/apks/all_app/GAOVISON.apk,,,,,,,,,0.319148936
311,651,/media/mobile/myExperiment/apps/apks_wandoujia/apks/all_app/91桌面.apk,,,,,,,,,0.477726575
28,125,/media/mobile/myExperiment/apps/apks_wandoujia/apks/all_app/DigitalClock数码时钟.apk,,,,,,,,,0.224
26,100,/media/mobile/myExperiment/apps/apks_wandoujia/apks/all_app/铃声剪辑.apk,,,,,,,,,0.26
12,32,/media/mobile/myExperiment/apps/apks_wandoujia/apks/all_app/D客商城.apk,,,,,,,,,0.375
59,242,/media/mobile/myExperiment/apps/apks_wandoujia/apks/all_app/Buzz桌面.apk,,,,,,,,,0.243801653
203,387,/media/mobile/myExperiment/apps/apks_wandoujia/apks/all_app/驾考宝典.apk,,,,,,,,,0.524547804
62,150,/media/mobile/myExperiment/apps/apks_wandoujia/apks/all_app/分身大师,.apk,,,,,,,,0.413333333
90,280,/media/mobile/myExperiment/apps/apks_wandoujia/apks/all_app/陌陌.apk,,,,,,,,,0.321428571
268,372,/media/mobile/myExperiment/apps/apks_wandoujia/apks/all_app/布卡漫画.apk,,,,,,,,,0.720430108
7,57,/media/mobile/myExperiment/apps/apks_wandoujia/apks/all_app/天天动听HD.apk,,,,,,,,,0.122807018
378,553,/media/mobile/myExperiment/apps/apks_wandoujia/apks/all_app/虎扑体育.apk,,,,,,,,,0.683544304
9,90,/media/mobile/myExperiment/apps/apks_wandoujia/apks/all_app/电鼓垫24Electro,Drum,Pads,24.apk,,,,,,0.1
662,881,/media/mobile/myExperiment/apps/apks_wandoujia/apks/all_app/懒人听书.apk,,,,,,,,,0.751418842
25,102,/media/mobile/myExperiment/apps/apks_wandoujia/apks/all_app/LOL动态壁纸.apk,,,,,,,,,0.245098039
78,266,/media/mobile/myExperiment/apps/apks_wandoujia/apks/all_app/爱字体.apk,,,,,,,,,0.293233083
74,137,/media/mobile/myExperiment/apps/apks_wandoujia/apks/all_app/9.9限时包邮.apk,,,,,,,,,0.540145985
74,448,/media/mobile/myExperiment/apps/apks_wandoujia/apks/all_app/WEAR.apk,,,,,,,,,0.165178571
13,106,/media/mobile/myExperiment/apps/apks_wandoujia/apks/all_app/Google街景.apk,,,,,,,,,0.122641509
9,50,/media/mobile/myExperiment/apps/apks_wandoujia/apks/all_app/Gmarket,Global,中文.apk,,,,,,,0.18
141,242,/media/mobile/myExperiment/apps/apks_wandoujia/apks/all_app/360影视大全.apk,,,,,,,,,0.582644628
119,227,/media/mobile/myExperiment/apps/apks_wandoujia/apks/all_app/喵播.apk,,,,,,,,,0.524229075
175,493,/media/mobile/myExperiment/apps/apks_wandoujia/apks/all_app/更美.apk,,,,,,,,,0.354969574
232,308,/media/mobile/myExperiment/apps/apks_wandoujia/apks/all_app/FIT瘦身学院.apk,,,,,,,,,0.753246753
67,165,/media/mobile/myExperiment/apps/apks_wandoujia/apks/all_app/2345浏览器.apk,,,,,,,,,0.406060606
131,261,/media/mobile/myExperiment/apps/apks_wandoujia/apks/all_app/1919快喝.apk,,,,,,,,,0.501915709
72,193,/media/mobile/myExperiment/apps/apks_wandoujia/apks/all_app/360天气.apk,,,,,,,,,0.373056995
362,487,/media/mobile/myExperiment/apps/apks_wandoujia/apks/all_app/薄荷.apk,,,,,,,,,0.743326489
189,362,/media/mobile/myExperiment/apps/apks_wandoujia/apks/all_app/same.apk,,,,,,,,,0.522099448
695,1156,/media/mobile/myExperiment/apps/apks_wandoujia/apks/all_app/房天下.apk,,,,,,,,,0.601211073
202,335,/media/mobile/myExperiment/apps/apks_wandoujia/apks/all_app/链家-上海苏州.apk,,,,,,,,,0.602985075
355,952,/media/mobile/myExperiment/apps/apks_wandoujia/apks/all_app/百度网盘.apk,,,,,,,,,0.37289916
331,492,/media/mobile/myExperiment/apps/apks_wandoujia/apks/all_app/娃娃家长版.apk,,,,,,,,,0.672764228
4,17,/media/mobile/myExperiment/apps/apks_wandoujia/apks/all_app/Facebook,Messenger.apk,,,,,,,,0.235294118
134,238,/media/mobile/myExperiment/apps/apks_wandoujia/apks/all_app/多米音乐.apk,,,,,,,,,0.56302521
39,80,/media/mobile/myExperiment/apps/apks_wandoujia/apks/all_app/健身宝典.apk,,,,,,,,,0.4875
180,330,/media/mobile/myExperiment/apps/apks_wandoujia/apks/all_app/千牛.apk,,,,,,,,,0.545454545
270,389,/media/mobile/myExperiment/apps/apks_wandoujia/apks/all_app/快约爱.apk,,,,,,,,,0.694087404
44,220,/media/mobile/myExperiment/apps/apks_wandoujia/apks/all_app/相册.apk,,,,,,,,,0.2
76,190,/media/mobile/myExperiment/apps/apks_wandoujia/apks/all_app/途牛旅游.apk,,,,,,,,,0.4
17,104,/media/mobile/myExperiment/apps/apks_wandoujia/apks/all_app/宝宝美食街.apk,,,,,,,,,0.163461538
205,328,/media/mobile/myExperiment/apps/apks_wandoujia/apks/all_app/一直播.apk,,,,,,,,,0.625
496,708,/media/mobile/myExperiment/apps/apks_wandoujia/apks/all_app/ZOL中关村在线.apk,,,,,,,,,0.700564972
1,12,/media/mobile/myExperiment/apps/apks_wandoujia/apks/all_app/指南针.apk,,,,,,,,,0.083333333
310,538,/media/mobile/myExperiment/apps/apks_wandoujia/apks/all_app/她社区.apk,,,,,,,,,0.576208178
254,398,/media/mobile/myExperiment/apps/apks_wandoujia/apks/all_app/起点读书.apk,,,,,,,,,0.638190955
103,317,/media/mobile/myExperiment/apps/apks_wandoujia/apks/all_app/HeHa.apk,,,,,,,,,0.324921136
98,404,/media/mobile/myExperiment/apps/apks_wandoujia/apks/all_app/达达.apk,,,,,,,,,0.242574257
250,379,/media/mobile/myExperiment/apps/apks_wandoujia/apks/all_app/FRESH.apk,,,,,,,,,0.659630607
298,414,/media/mobile/myExperiment/apps/apks_wandoujia/apks/all_app/智慧树.apk,,,,,,,,,0.719806763
93,172,/media/mobile/myExperiment/apps/apks_wandoujia/apks/all_app/Angelababy主题锁屏.apk,,,,,,,,,0.540697674
93,172,/media/mobile/myExperiment/apps/apks_wandoujia/apks/all_app/EXO朴灿烈主题锁屏.apk,,,,,,,,,0.540697674
110,220,/media/mobile/myExperiment/apps/apks_wandoujia/apks/all_app/最右.apk,,,,,,,,,0.5
154,359,/media/mobile/myExperiment/apps/apks_wandoujia/apks/all_app/护眼宝.apk,,,,,,,,,0.428969359
295,511,/media/mobile/myExperiment/apps/apks_wandoujia/apks/all_app/搜狗号码通.apk,,,,,,,,,0.577299413
188,350,/media/mobile/myExperiment/apps/apks_wandoujia/apks/all_app/兜兜公交.apk,,,,,,,,,0.537142857
417,596,/media/mobile/myExperiment/apps/apks_wandoujia/apks/all_app/QQ同步助手.apk,,,,,,,,,0.69966443
215,423,/media/mobile/myExperiment/apps/apks_wandoujia/apks/all_app/悦动圈.apk,,,,,,,,,0.508274232
16,71,/media/mobile/myExperiment/apps/apks_wandoujia/apks/all_app/+HOME,免费美化主题桌面壁纸图标.apk,,,,,,,,0.225352113
209,441,/media/mobile/myExperiment/apps/apks_wandoujia/apks/all_app/安卓壁纸.apk,,,,,,,,,0.473922902
106,317,/media/mobile/myExperiment/apps/apks_wandoujia/apks/all_app/飞猪（原阿里旅行）.apk,,,,,,,,,0.334384858
75,207,/media/mobile/myExperiment/apps/apks_wandoujia/apks/all_app/行者.apk,,,,,,,,,0.362318841
144,242,/media/mobile/myExperiment/apps/apks_wandoujia/apks/all_app/Faceu激萌.apk,,,,,,,,,0.595041322
187,360,/media/mobile/myExperiment/apps/apks_wandoujia/apks/all_app/天气通.apk,,,,,,,,,0.519444444
274,478,/media/mobile/myExperiment/apps/apks_wandoujia/apks/all_app/搜狐新闻.apk,,,,,,,,,0.573221757
383,594,/media/mobile/myExperiment/apps/apks_wandoujia/apks/all_app/聚力视频.apk,,,,,,,,,0.644781145
165,235,/media/mobile/myExperiment/apps/apks_wandoujia/apks/all_app/懒财网理财.apk,,,,,,,,,0.70212766
5,57,/media/mobile/myExperiment/apps/apks_wandoujia/apks/all_app/69书吧.apk,,,,,,,,,0.087719298
96,278,/media/mobile/myExperiment/apps/apks_wandoujia/apks/all_app/好豆.apk,,,,,,,,,0.345323741
63,115,/media/mobile/myExperiment/apps/apks_wandoujia/apks/all_app/路路通.apk,,,,,,,,,0.547826087
113,190,/media/mobile/myExperiment/apps/apks_wandoujia/apks/all_app/Agoda安可达.apk,,,,,,,,,0.594736842
232,463,/media/mobile/myExperiment/apps/apks_wandoujia/apks/all_app/eBay.apk,,,,,,,,,0.501079914
43,134,/media/mobile/myExperiment/apps/apks_wandoujia/apks/all_app/DJ多多.apk,,,,,,,,,0.320895522
3,7,/media/mobile/myExperiment/apps/apks_wandoujia/apks/all_app/Baby,Kick,Count,Card.apk,,,,,,0.428571429
17,104,/media/mobile/myExperiment/apps/apks_wandoujia/apks/all_app/宝宝医院.apk,,,,,,,,,0.163461538
34,155,/media/mobile/myExperiment/apps/apks_wandoujia/apks/all_app/Aviary.apk,,,,,,,,,0.219354839
22,39,/media/mobile/myExperiment/apps/apks_wandoujia/apks/all_app/饥饿鲨进化破解(来电秀).apk,,,,,,,,,0.564102564
89,223,/media/mobile/myExperiment/apps/apks_wandoujia/apks/all_app/YY.apk,,,,,,,,,0.399103139
20,127,/media/mobile/myExperiment/apps/apks_wandoujia/apks/all_app/DD373游戏交易平台.apk,,,,,,,,,0.157480315
275,406,/media/mobile/myExperiment/apps/apks_wandoujia/apks/all_app/课程格子.apk,,,,,,,,,0.677339901
163,593,/media/mobile/myExperiment/apps/apks_wandoujia/apks/all_app/有看头.apk,,,,,,,,,0.274873524
110,252,/media/mobile/myExperiment/apps/apks_wandoujia/apks/all_app/1元云购.apk,,,,,,,,,0.436507937
126,235,/media/mobile/myExperiment/apps/apks_wandoujia/apks/all_app/音乐播放器.apk,,,,,,,,,0.536170213
263,427,/media/mobile/myExperiment/apps/apks_wandoujia/apks/all_app/bong,Classic.apk,,,,,,,,0.615925059
45,171,/media/mobile/myExperiment/apps/apks_wandoujia/apks/all_app/Backdrops壁纸.apk,,,,,,,,,0.263157895
35,105,/media/mobile/myExperiment/apps/apks_wandoujia/apks/all_app/酷我音乐HD.apk,,,,,,,,,0.333333333
175,268,/media/mobile/myExperiment/apps/apks_wandoujia/apks/all_app/滴滴司机.apk,,,,,,,,,0.652985075
229,367,/media/mobile/myExperiment/apps/apks_wandoujia/apks/all_app/Anyview阅读.apk,,,,,,,,,0.623978202
37,136,/media/mobile/myExperiment/apps/apks_wandoujia/apks/all_app/WiFi,连网神器.apk,,,,,,,,0.272058824
276,566,/media/mobile/myExperiment/apps/apks_wandoujia/apks/all_app/最美天气.apk,,,,,,,,,0.487632509
0,0,/media/mobile/myExperiment/apps/apks_wandoujia/apks/all_app/轻加减肥.apk,,,,,,,,,#DIV/0!
107,176,/media/mobile/myExperiment/apps/apks_wandoujia/apks/all_app/搜狗壁纸.apk,,,,,,,,,0.607954545
377,538,/media/mobile/myExperiment/apps/apks_wandoujia/apks/all_app/香哈菜谱.apk,,,,,,,,,0.700743494
240,451,/media/mobile/myExperiment/apps/apks_wandoujia/apks/all_app/猫眼电影.apk,,,,,,,,,0.532150776
149,302,/media/mobile/myExperiment/apps/apks_wandoujia/apks/all_app/糖豆广场舞.apk,,,,,,,,,0.493377483
180,355,/media/mobile/myExperiment/apps/apks_wandoujia/apks/all_app/美团外卖.apk,,,,,,,,,0.507042254
0,4,/media/mobile/myExperiment/apps/apks_wandoujia/apks/all_app/啪啪啪.apk,,,,,,,,,0
103,225,/media/mobile/myExperiment/apps/apks_wandoujia/apks/all_app/腾讯视频.apk,,,,,,,,,0.457777778
8,34,/media/mobile/myExperiment/apps/apks_wandoujia/apks/all_app/Blur模糊壁纸.apk,,,,,,,,,0.235294118
26,195,/media/mobile/myExperiment/apps/apks_wandoujia/apks/all_app/叮咚免费电话.apk,,,,,,,,,0.133333333
605,943,/media/mobile/myExperiment/apps/apks_wandoujia/apks/all_app/旅图.apk,,,,,,,,,0.641569459
401,680,/media/mobile/myExperiment/apps/apks_wandoujia/apks/all_app/咪咕阅读.apk,,,,,,,,,0.589705882
11,50,/media/mobile/myExperiment/apps/apks_wandoujia/apks/all_app/AVI播放器.apk,,,,,,,,,0.22
68,146,/media/mobile/myExperiment/apps/apks_wandoujia/apks/all_app/A直播.apk,,,,,,,,,0.465753425
160,255,/media/mobile/myExperiment/apps/apks_wandoujia/apks/all_app/蚂蜂窝自由行.apk,,,,,,,,,0.62745098
53,192,/media/mobile/myExperiment/apps/apks_wandoujia/apks/all_app/电视家2.0.apk,,,,,,,,,0.276041667
19,107,/media/mobile/myExperiment/apps/apks_wandoujia/apks/all_app/宝宝爱整理.apk,,,,,,,,,0.177570093
19,104,/media/mobile/myExperiment/apps/apks_wandoujia/apks/all_app/Flipkart,在线商城.apk,,,,,,,,0.182692308
104,194,/media/mobile/myExperiment/apps/apks_wandoujia/apks/all_app/刷机精灵.apk,,,,,,,,,0.536082474
36,154,/media/mobile/myExperiment/apps/apks_wandoujia/apks/all_app/LINE,whoscall-,來電辨識與封鎖.apk,,,,,,,0.233766234
60,161,/media/mobile/myExperiment/apps/apks_wandoujia/apks/all_app/DS,video.apk,,,,,,,,0.372670807
0,3,/media/mobile/myExperiment/apps/apks_wandoujia/apks/all_app/Google,Now,Launcher.apk,,,,,,,0
36,251,/media/mobile/myExperiment/apps/apks_wandoujia/apks/all_app/Fabulous,美妙激励.apk,,,,,,,,0.143426295
32,215,/media/mobile/myExperiment/apps/apks_wandoujia/apks/all_app/B612.apk,,,,,,,,,0.148837209
127,324,/media/mobile/myExperiment/apps/apks_wandoujia/apks/all_app/支付宝.apk,,,,,,,,,0.391975309
53,102,/media/mobile/myExperiment/apps/apks_wandoujia/apks/all_app/开眼,Eyepetizer.apk,,,,,,,,0.519607843
218,395,/media/mobile/myExperiment/apps/apks_wandoujia/apks/all_app/暴走漫画.apk,,,,,,,,,0.551898734
43,85,/media/mobile/myExperiment/apps/apks_wandoujia/apks/all_app/转转.apk,,,,,,,,,0.505882353
208,339,/media/mobile/myExperiment/apps/apks_wandoujia/apks/all_app/JU53.apk,,,,,,,,,0.613569322
157,374,/media/mobile/myExperiment/apps/apks_wandoujia/apks/all_app/LBE安全大师.apk,,,,,,,,,0.419786096
106,220,/media/mobile/myExperiment/apps/apks_wandoujia/apks/all_app/家长帮.apk,,,,,,,,,0.481818182
275,524,/media/mobile/myExperiment/apps/apks_wandoujia/apks/all_app/91锁屏.apk,,,,,,,,,0.52480916
136,320,/media/mobile/myExperiment/apps/apks_wandoujia/apks/all_app/QQ.apk,,,,,,,,,0.425
242,361,/media/mobile/myExperiment/apps/apks_wandoujia/apks/all_app/考研帮.apk,,,,,,,,,0.670360111
386,587,/media/mobile/myExperiment/apps/apks_wandoujia/apks/all_app/金山词霸.apk,,,,,,,,,0.65758092
141,192,/media/mobile/myExperiment/apps/apks_wandoujia/apks/all_app/酷狗音乐.apk,,,,,,,,,0.734375
12,101,/media/mobile/myExperiment/apps/apks_wandoujia/apks/all_app/Twitter.apk,,,,,,,,,0.118811881
0,5,/media/mobile/myExperiment/apps/apks_wandoujia/apks/all_app/Adobe,Flash,Player.apk,,,,,,,0
39,134,/media/mobile/myExperiment/apps/apks_wandoujia/apks/all_app/火辣健身.apk,,,,,,,,,0.291044776
217,329,/media/mobile/myExperiment/apps/apks_wandoujia/apks/all_app/手机百度.apk,,,,,,,,,0.659574468
21,52,/media/mobile/myExperiment/apps/apks_wandoujia/apks/all_app/DicePlayer播放器.apk,,,,,,,,,0.403846154
18,105,/media/mobile/myExperiment/apps/apks_wandoujia/apks/all_app/宝宝爱吃饭.apk,,,,,,,,,0.171428571
0,0,/media/mobile/myExperiment/apps/apks_wandoujia/apks/all_app/小猿搜题.apk,,,,,,,,,#DIV/0!
220,320,/media/mobile/myExperiment/apps/apks_wandoujia/apks/all_app/信用钱包.apk,,,,,,,,,0.6875
42,137,/media/mobile/myExperiment/apps/apks_wandoujia/apks/all_app/UC浏览器HD.apk,,,,,,,,,0.306569343
80,155,/media/mobile/myExperiment/apps/apks_wandoujia/apks/all_app/Cheetah,Launcher（主题桌面）.apk,,,,,,,,0.516129032
32,69,/media/mobile/myExperiment/apps/apks_wandoujia/apks/all_app/AR涂涂乐.apk,,,,,,,,,0.463768116
17,33,/media/mobile/myExperiment/apps/apks_wandoujia/apks/all_app/终极指南针.apk,,,,,,,,,0.515151515
11,73,/media/mobile/myExperiment/apps/apks_wandoujia/apks/all_app/Car,Wallpapers!.apk,,,,,,,,0.150684932
28,84,/media/mobile/myExperiment/apps/apks_wandoujia/apks/all_app/fooView.apk,,,,,,,,,0.333333333
312,457,/media/mobile/myExperiment/apps/apks_wandoujia/apks/all_app/爱听4G.apk,,,,,,,,,0.682713348
160,290,/media/mobile/myExperiment/apps/apks_wandoujia/apks/all_app/周末去哪儿.apk,,,,,,,,,0.551724138
12,30,/media/mobile/myExperiment/apps/apks_wandoujia/apks/all_app/虚拟来电.apk,,,,,,,,,0.4
24,98,/media/mobile/myExperiment/apps/apks_wandoujia/apks/all_app/Tin'secret.apk,,,,,,,,,0.244897959
200,352,/media/mobile/myExperiment/apps/apks_wandoujia/apks/all_app/猎豹浏览器.apk,,,,,,,,,0.568181818
105,196,/media/mobile/myExperiment/apps/apks_wandoujia/apks/all_app/凤凰视频.apk,,,,,,,,,0.535714286
68,294,/media/mobile/myExperiment/apps/apks_wandoujia/apks/all_app/nice.apk,,,,,,,,,0.231292517
73,280,/media/mobile/myExperiment/apps/apks_wandoujia/apks/all_app/宝宝知道.apk,,,,,,,,,0.260714286
17,77,/media/mobile/myExperiment/apps/apks_wandoujia/apks/all_app/iHerb.apk,,,,,,,,,0.220779221
11,105,/media/mobile/myExperiment/apps/apks_wandoujia/apks/all_app/８分音符.apk,,,,,,,,,0.104761905
86,249,/media/mobile/myExperiment/apps/apks_wandoujia/apks/all_app/WiFi万能钥匙.apk,,,,,,,,,0.345381526
0,0,/media/mobile/myExperiment/apps/apks_wandoujia/apks/all_app/掌上生活.apk,,,,,,,,,#DIV/0!
862,1182,/media/mobile/myExperiment/apps/apks_wandoujia/apks/all_app/漫画岛.apk,,,,,,,,,0.72927242
0,2,/media/mobile/myExperiment/apps/apks_wandoujia/apks/all_app/Nova启动器升级器.apk,,,,,,,,,0
54,187,/media/mobile/myExperiment/apps/apks_wandoujia/apks/all_app/Runtastic,Six,Pack,六块腹肌私人教练.apk,,,,,,0.288770053
39,97,/media/mobile/myExperiment/apps/apks_wandoujia/apks/all_app/3D蓝桌面.apk,,,,,,,,,0.402061856
326,476,/media/mobile/myExperiment/apps/apks_wandoujia/apks/all_app/手机营业厅.apk,,,,,,,,,0.68487395
355,495,/media/mobile/myExperiment/apps/apks_wandoujia/apks/all_app/贝聊.apk,,,,,,,,,0.717171717
84,195,/media/mobile/myExperiment/apps/apks_wandoujia/apks/all_app/KingRoot.apk,,,,,,,,,0.430769231
225,379,/media/mobile/myExperiment/apps/apks_wandoujia/apks/all_app/Fit.apk,,,,,,,,,0.593667546
267,422,/media/mobile/myExperiment/apps/apks_wandoujia/apks/all_app/熊猫看书.apk,,,,,,,,,0.632701422
11,34,/media/mobile/myExperiment/apps/apks_wandoujia/apks/all_app/小伴龙魔法世界.apk,,,,,,,,,0.323529412
144,368,/media/mobile/myExperiment/apps/apks_wandoujia/apks/all_app/爱壁纸HD.apk,,,,,,,,,0.391304348
167,233,/media/mobile/myExperiment/apps/apks_wandoujia/apks/all_app/eSpace,UC.apk,,,,,,,,0.716738197
23,77,/media/mobile/myExperiment/apps/apks_wandoujia/apks/all_app/Flow桌面.apk,,,,,,,,,0.298701299
254,451,/media/mobile/myExperiment/apps/apks_wandoujia/apks/all_app/微家园-家长版.apk,,,,,,,,,0.563192905
172,351,/media/mobile/myExperiment/apps/apks_wandoujia/apks/all_app/快手.apk,,,,,,,,,0.49002849
119,336,/media/mobile/myExperiment/apps/apks_wandoujia/apks/all_app/安居客.apk,,,,,,,,,0.354166667
337,707,/media/mobile/myExperiment/apps/apks_wandoujia/apks/all_app/触宝电话.apk,,,,,,,,,0.476661952
4,20,/media/mobile/myExperiment/apps/apks_wandoujia/apks/all_app/手电筒.apk,,,,,,,,,0.2
466,816,/media/mobile/myExperiment/apps/apks_wandoujia/apks/all_app/网信理财.apk,,,,,,,,,0.571078431
60,177,/media/mobile/myExperiment/apps/apks_wandoujia/apks/all_app/宝宝巴士.apk,,,,,,,,,0.338983051
25,142,/media/mobile/myExperiment/apps/apks_wandoujia/apks/all_app/Feedly.apk,,,,,,,,,0.176056338
152,223,/media/mobile/myExperiment/apps/apks_wandoujia/apks/all_app/现金巴士.apk,,,,,,,,,0.68161435
446,631,/media/mobile/myExperiment/apps/apks_wandoujia/apks/all_app/华住酒店.apk,,,,,,,,,0.70681458
249,496,/media/mobile/myExperiment/apps/apks_wandoujia/apks/all_app/优酷（X86版）.apk,,,,,,,,,0.502016129
178,440,/media/mobile/myExperiment/apps/apks_wandoujia/apks/all_app/3D宝软桌面.apk,,,,,,,,,0.404545455
7,41,/media/mobile/myExperiment/apps/apks_wandoujia/apks/all_app/EBookDroid阅读器.apk,,,,,,,,,0.170731707
15,51,/media/mobile/myExperiment/apps/apks_wandoujia/apks/all_app/flippr.apk,,,,,,,,,0.294117647
83,302,/media/mobile/myExperiment/apps/apks_wandoujia/apks/all_app/skype网络电话.apk,,,,,,,,,0.274834437
73,219,/media/mobile/myExperiment/apps/apks_wandoujia/apks/all_app/Yahoo,Weather.apk,,,,,,,,0.333333333
161,209,/media/mobile/myExperiment/apps/apks_wandoujia/apks/all_app/114社区.apk,,,,,,,,,0.770334928
38,164,/media/mobile/myExperiment/apps/apks_wandoujia/apks/all_app/简拼.apk,,,,,,,,,0.231707317
149,478,/media/mobile/myExperiment/apps/apks_wandoujia/apks/all_app/微博.apk,,,,,,,,,0.311715481
100,217,/media/mobile/myExperiment/apps/apks_wandoujia/apks/all_app/趣头条.apk,,,,,,,,,0.460829493
1,13,/media/mobile/myExperiment/apps/apks_wandoujia/apks/all_app/3D旋转星球动态壁纸.apk,,,,,,,,,0.076923077
75,149,/media/mobile/myExperiment/apps/apks_wandoujia/apks/all_app/手机号定位.apk,,,,,,,,,0.503355705
74,186,/media/mobile/myExperiment/apps/apks_wandoujia/apks/all_app/导学号.apk,,,,,,,,,0.397849462
156,279,/media/mobile/myExperiment/apps/apks_wandoujia/apks/all_app/铃声多多.apk,,,,,,,,,0.559139785
258,387,/media/mobile/myExperiment/apps/apks_wandoujia/apks/all_app/超级课程表.apk,,,,,,,,,0.666666667
20,101,/media/mobile/myExperiment/apps/apks_wandoujia/apks/all_app/星座城.apk,,,,,,,,,0.198019802
48,117,/media/mobile/myExperiment/apps/apks_wandoujia/apks/all_app/Keep.apk,,,,,,,,,0.41025641
69,209,/media/mobile/myExperiment/apps/apks_wandoujia/apks/all_app/学霸君.apk,,,,,,,,,0.330143541
128,254,/media/mobile/myExperiment/apps/apks_wandoujia/apks/all_app/迅雷.apk,,,,,,,,,0.503937008
95,316,/media/mobile/myExperiment/apps/apks_wandoujia/apks/all_app/小伴龙.apk,,,,,,,,,0.300632911
20,136,/media/mobile/myExperiment/apps/apks_wandoujia/apks/all_app/passport.apk,,,,,,,,,0.147058824
100,207,/media/mobile/myExperiment/apps/apks_wandoujia/apks/all_app/最美锁屏.apk,,,,,,,,,0.483091787
108,246,/media/mobile/myExperiment/apps/apks_wandoujia/apks/all_app/一键ROOT大师.apk,,,,,,,,,0.43902439
12,65,/media/mobile/myExperiment/apps/apks_wandoujia/apks/all_app/Google,Maps.apk,,,,,,,,0.184615385
118,274,/media/mobile/myExperiment/apps/apks_wandoujia/apks/all_app/万年历.apk,,,,,,,,,0.430656934
117,280,/media/mobile/myExperiment/apps/apks_wandoujia/apks/all_app/完美钢琴.apk,,,,,,,,,0.417857143
61,187,/media/mobile/myExperiment/apps/apks_wandoujia/apks/all_app/万花筒之旅一宝宝巴士.apk,,,,,,,,,0.326203209
83,141,/media/mobile/myExperiment/apps/apks_wandoujia/apks/all_app/免费小说书城.apk,,,,,,,,,0.588652482
52,110,/media/mobile/myExperiment/apps/apks_wandoujia/apks/all_app/小妖精美化.apk,,,,,,,,,0.472727273
42,89,/media/mobile/myExperiment/apps/apks_wandoujia/apks/all_app/猫咪.apk,,,,,,,,,0.471910112
160,339,/media/mobile/myExperiment/apps/apks_wandoujia/apks/all_app/1905电影网.apk,,,,,,,,,0.471976401
247,429,/media/mobile/myExperiment/apps/apks_wandoujia/apks/all_app/我的世界联机盒子.apk,,,,,,,,,0.575757576
7,32,/media/mobile/myExperiment/apps/apks_wandoujia/apks/all_app/地图指南针.apk,,,,,,,,,0.21875
13,47,/media/mobile/myExperiment/apps/apks_wandoujia/apks/all_app/Canon,Camera,Connect.apk,,,,,,,0.276595745
156,302,/media/mobile/myExperiment/apps/apks_wandoujia/apks/all_app/免费电话.apk,,,,,,,,,0.516556291
3,17,/media/mobile/myExperiment/apps/apks_wandoujia/apks/all_app/定位跟踪.apk,,,,,,,,,0.176470588
130,359,/media/mobile/myExperiment/apps/apks_wandoujia/apks/all_app/爱阅读小说.apk,,,,,,,,,0.362116992
50,92,/media/mobile/myExperiment/apps/apks_wandoujia/apks/all_app/牵手.apk,,,,,,,,,0.543478261
305,486,/media/mobile/myExperiment/apps/apks_wandoujia/apks/all_app/孕育管家.apk,,,,,,,,,0.627572016
146,312,/media/mobile/myExperiment/apps/apks_wandoujia/apks/all_app/搜狗浏览器.apk,,,,,,,,,0.467948718
220,317,/media/mobile/myExperiment/apps/apks_wandoujia/apks/all_app/免费小说大全.apk,,,,,,,,,0.694006309
108,293,/media/mobile/myExperiment/apps/apks_wandoujia/apks/all_app/36氪.apk,,,,,,,,,0.368600683
4,16,/media/mobile/myExperiment/apps/apks_wandoujia/apks/all_app/Facebook.apk,,,,,,,,,0.25
46,209,/media/mobile/myExperiment/apps/apks_wandoujia/apks/all_app/小伴龙儿歌.apk,,,,,,,,,0.220095694
105,366,/media/mobile/myExperiment/apps/apks_wandoujia/apks/all_app/百度浏览器.apk,,,,,,,,,0.286885246
247,519,/media/mobile/myExperiment/apps/apks_wandoujia/apks/all_app/新氧美容.apk,,,,,,,,,0.475915222
133,251,/media/mobile/myExperiment/apps/apks_wandoujia/apks/all_app/快看漫画.apk,,,,,,,,,0.529880478
80,224,/media/mobile/myExperiment/apps/apks_wandoujia/apks/all_app/土豆视频.apk,,,,,,,,,0.357142857
82,246,/media/mobile/myExperiment/apps/apks_wandoujia/apks/all_app/Arrow,桌面.apk,,,,,,,,0.333333333
74,146,/media/mobile/myExperiment/apps/apks_wandoujia/apks/all_app/9.9特价包邮.apk,,,,,,,,,0.506849315
27,81,/media/mobile/myExperiment/apps/apks_wandoujia/apks/all_app/天行加速器.apk,,,,,,,,,0.333333333
59,173,/media/mobile/myExperiment/apps/apks_wandoujia/apks/all_app/王者荣耀掌游宝.apk,,,,,,,,,0.341040462
12,79,/media/mobile/myExperiment/apps/apks_wandoujia/apks/all_app/YouTube.apk,,,,,,,,,0.151898734
372,611,/media/mobile/myExperiment/apps/apks_wandoujia/apks/all_app/360儿童卫士.apk,,,,,,,,,0.608837971
491,638,/media/mobile/myExperiment/apps/apks_wandoujia/apks/all_app/5sing原创音乐.apk,,,,,,,,,0.769592476
193,263,/media/mobile/myExperiment/apps/apks_wandoujia/apks/all_app/FitTime.apk,,,,,,,,,0.733840304
176,285,/media/mobile/myExperiment/apps/apks_wandoujia/apks/all_app/前程无忧51Job.apk,,,,,,,,,0.61754386
45,159,/media/mobile/myExperiment/apps/apks_wandoujia/apks/all_app/Autodesk,Pixlr.apk,,,,,,,,0.283018868
209,418,/media/mobile/myExperiment/apps/apks_wandoujia/apks/all_app/字体管家.apk,,,,,,,,,0.5
28,120,/media/mobile/myExperiment/apps/apks_wandoujia/apks/all_app/Airbnb.apk,,,,,,,,,0.233333333
3,17,/media/mobile/myExperiment/apps/apks_wandoujia/apks/all_app/Flash播放.apk,,,,,,,,,0.176470588
234,453,/media/mobile/myExperiment/apps/apks_wandoujia/apks/all_app/QQ阅读.apk,,,,,,,,,0.516556291
17,65,/media/mobile/myExperiment/apps/apks_wandoujia/apks/all_app/BeFunky图片编辑器.apk,,,,,,,,,0.261538462
259,439,/media/mobile/myExperiment/apps/apks_wandoujia/apks/all_app/搜狗阅读.apk,,,,,,,,,0.589977221
20,58,/media/mobile/myExperiment/apps/apks_wandoujia/apks/all_app/adidas,NEO.apk,,,,,,,,0.344827586
207,441,/media/mobile/myExperiment/apps/apks_wandoujia/apks/all_app/百度手机卫士.apk,,,,,,,,,0.469387755
353,485,/media/mobile/myExperiment/apps/apks_wandoujia/apks/all_app/米聊交友.apk,,,,,,,,,0.727835052
109,259,/media/mobile/myExperiment/apps/apks_wandoujia/apks/all_app/QQ空间.apk,,,,,,,,,0.420849421
45,153,/media/mobile/myExperiment/apps/apks_wandoujia/apks/all_app/广州地铁.apk,,,,,,,,,0.294117647
25,123,/media/mobile/myExperiment/apps/apks_wandoujia/apks/all_app/MX,Player.apk,,,,,,,,0.203252033
219,440,/media/mobile/myExperiment/apps/apks_wandoujia/apks/all_app/风水罗盘指南针.apk,,,,,,,,,0.497727273
14,54,/media/mobile/myExperiment/apps/apks_wandoujia/apks/all_app/ANT+,Plugins,Service.apk,,,,,,,0.259259259
39,71,/media/mobile/myExperiment/apps/apks_wandoujia/apks/all_app/114挂号.apk,,,,,,,,,0.549295775
544,776,/media/mobile/myExperiment/apps/apks_wandoujia/apks/all_app/11选5专业版.apk,,,,,,,,,0.701030928
113,377,/media/mobile/myExperiment/apps/apks_wandoujia/apks/all_app/Flipboard新闻.apk,,,,,,,,,0.299734748
152,252,/media/mobile/myExperiment/apps/apks_wandoujia/apks/all_app/QQ输入法.apk,,,,,,,,,0.603174603
231,528,/media/mobile/myExperiment/apps/apks_wandoujia/apks/all_app/GO桌面.apk,,,,,,,,,0.4375
118,218,/media/mobile/myExperiment/apps/apks_wandoujia/apks/all_app/柚宝宝孕育.apk,,,,,,,,,0.541284404
207,313,/media/mobile/myExperiment/apps/apks_wandoujia/apks/all_app/钱站.apk,,,,,,,,,0.661341853
178,281,/media/mobile/myExperiment/apps/apks_wandoujia/apks/all_app/天天快报.apk,,,,,,,,,0.633451957
157,308,/media/mobile/myExperiment/apps/apks_wandoujia/apks/all_app/学生赚.apk,,,,,,,,,0.50974026
300,439,/media/mobile/myExperiment/apps/apks_wandoujia/apks/all_app/爱音乐.apk,,,,,,,,,0.683371298
141,390,/media/mobile/myExperiment/apps/apks_wandoujia/apks/all_app/17K小说.apk,,,,,,,,,0.361538462
6,18,/media/mobile/myExperiment/apps/apks_wandoujia/apks/all_app/联系人.apk,,,,,,,,,0.333333333
393,675,/media/mobile/myExperiment/apps/apks_wandoujia/apks/all_app/旺信.apk,,,,,,,,,0.582222222
118,169,/media/mobile/myExperiment/apps/apks_wandoujia/apks/all_app/邮储银行.apk,,,,,,,,,0.698224852
5,58,/media/mobile/myExperiment/apps/apks_wandoujia/apks/all_app/Hello,Kitty,手电筒.apk,,,,,,,0.086206897
40,145,/media/mobile/myExperiment/apps/apks_wandoujia/apks/all_app/知乎日报.apk,,,,,,,,,0.275862069
4,6,/media/mobile/myExperiment/apps/apks_wandoujia/apks/all_app/微信读书.apk,,,,,,,,,0.666666667
200,493,/media/mobile/myExperiment/apps/apks_wandoujia/apks/all_app/Q拍乐.apk,,,,,,,,,0.405679513
49,111,/media/mobile/myExperiment/apps/apks_wandoujia/apks/all_app/名为梦梦奈的Servant.apk,,,,,,,,,0.441441441
88,125,/media/mobile/myExperiment/apps/apks_wandoujia/apks/all_app/17搜车.apk,,,,,,,,,0.704
293,574,/media/mobile/myExperiment/apps/apks_wandoujia/apks/all_app/GO短信.apk,,,,,,,,,0.510452962
785,1043,/media/mobile/myExperiment/apps/apks_wandoujia/apks/all_app/学习通.apk,,,,,,,,,0.752636625
53,150,/media/mobile/myExperiment/apps/apks_wandoujia/apks/all_app/Launcher,Lab.apk,,,,,,,,0.353333333
48,157,/media/mobile/myExperiment/apps/apks_wandoujia/apks/all_app/,Instagram.apk,,,,,,,,0.305732484
68,153,/media/mobile/myExperiment/apps/apks_wandoujia/apks/all_app/骑呗单车.apk,,,,,,,,,0.444444444
16,34,/media/mobile/myExperiment/apps/apks_wandoujia/apks/all_app/彩云小译.apk,,,,,,,,,0.470588235
571,884,/media/mobile/myExperiment/apps/apks_wandoujia/apks/all_app/安徽移动手机营业厅.apk,,,,,,,,,0.645927602
361,593,/media/mobile/myExperiment/apps/apks_wandoujia/apks/all_app/江苏移动掌上营业厅.apk,,,,,,,,,0.608768971
40,65,/media/mobile/myExperiment/apps/apks_wandoujia/apks/all_app/IKEA宜家.apk,,,,,,,,,0.615384615
73,138,/media/mobile/myExperiment/apps/apks_wandoujia/apks/all_app/bong.apk,,,,,,,,,0.528985507
294,374,/media/mobile/myExperiment/apps/apks_wandoujia/apks/all_app/豆瓣.apk,,,,,,,,,0.786096257
4,66,/media/mobile/myExperiment/apps/apks_wandoujia/apks/all_app/Coach.me,-,Achieve,Any,Goal.apk,,,,,0.060606061
541,731,/media/mobile/myExperiment/apps/apks_wandoujia/apks/all_app/Feel.apk,,,,,,,,,0.740082079
121,216,/media/mobile/myExperiment/apps/apks_wandoujia/apks/all_app/顺风车.apk,,,,,,,,,0.560185185
153,329,/media/mobile/myExperiment/apps/apks_wandoujia/apks/all_app/1006视频for英雄联盟.apk,,,,,,,,,0.465045593
407,600,/media/mobile/myExperiment/apps/apks_wandoujia/apks/all_app/手机铃声.apk,,,,,,,,,0.678333333
44,172,/media/mobile/myExperiment/apps/apks_wandoujia/apks/all_app/装扮小公主.apk,,,,,,,,,0.255813953
48,106,/media/mobile/myExperiment/apps/apks_wandoujia/apks/all_app/DOTA视频站.apk,,,,,,,,,0.452830189
116,296,/media/mobile/myExperiment/apps/apks_wandoujia/apks/all_app/头条视频.apk,,,,,,,,,0.391891892
236,396,/media/mobile/myExperiment/apps/apks_wandoujia/apks/all_app/有道词典.apk,,,,,,,,,0.595959596
80,215,/media/mobile/myExperiment/apps/apks_wandoujia/apks/all_app/CLauncher.apk,,,,,,,,,0.372093023
0,7,/media/mobile/myExperiment/apps/apks_wandoujia/apks/all_app/,ES经典主题.apk,,,,,,,,0
323,506,/media/mobile/myExperiment/apps/apks_wandoujia/apks/all_app/荣耀王者开黑组队.apk,,,,,,,,,0.638339921
57,122,/media/mobile/myExperiment/apps/apks_wandoujia/apks/all_app/CAD快速看图.apk,,,,,,,,,0.467213115
205,398,/media/mobile/myExperiment/apps/apks_wandoujia/apks/all_app/王者荣耀助手.apk,,,,,,,,,0.515075377
74,146,/media/mobile/myExperiment/apps/apks_wandoujia/apks/all_app/9.9包邮货到付款.apk,,,,,,,,,0.506849315
30,87,/media/mobile/myExperiment/apps/apks_wandoujia/apks/all_app/Cover锁屏.apk,,,,,,,,,0.344827586
107,295,/media/mobile/myExperiment/apps/apks_wandoujia/apks/all_app/网易新闻.apk,,,,,,,,,0.362711864
120,224,/media/mobile/myExperiment/apps/apks_wandoujia/apks/all_app/今日十大新闻.apk,,,,,,,,,0.535714286
369,584,/media/mobile/myExperiment/apps/apks_wandoujia/apks/all_app/微信.apk,,,,,,,,,0.631849315
61,153,/media/mobile/myExperiment/apps/apks_wandoujia/apks/all_app/速算盒子学生端.apk,,,,,,,,,0.39869281
228,342,/media/mobile/myExperiment/apps/apks_wandoujia/apks/all_app/SLine.apk,,,,,,,,,0.666666667
26,95,/media/mobile/myExperiment/apps/apks_wandoujia/apks/all_app/ezPDF,Reader.apk,,,,,,,,0.273684211
8,67,/media/mobile/myExperiment/apps/apks_wandoujia/apks/all_app/ASOS中国.apk,,,,,,,,,0.119402985
118,247,/media/mobile/myExperiment/apps/apks_wandoujia/apks/all_app/爱奇艺.apk,,,,,,,,,0.477732794
186,391,/media/mobile/myExperiment/apps/apks_wandoujia/apks/all_app/阿里小号.apk,,,,,,,,,0.475703325
19,142,/media/mobile/myExperiment/apps/apks_wandoujia/apks/all_app/怪物闹钟.apk,,,,,,,,,0.133802817
120,300,/media/mobile/myExperiment/apps/apks_wandoujia/apks/all_app/ 360清理大师.apk,,,,,,,,,0.4
204,315,/media/mobile/myExperiment/apps/apks_wandoujia/apks/all_app/小蚁摄像机.apk,,,,,,,,,0.647619048
129,313,/media/mobile/myExperiment/apps/apks_wandoujia/apks/all_app/2345影视大全.apk,,,,,,,,,0.412140575
13,38,/media/mobile/myExperiment/apps/apks_wandoujia/apks/all_app/dotdotexpress.apk,,,,,,,,,0.342105263
5,20,/media/mobile/myExperiment/apps/apks_wandoujia/apks/all_app/SimpleMind,Free,mind,mapping.apk,,,,,,0.25
418,551,/media/mobile/myExperiment/apps/apks_wandoujia/apks/all_app/蓝墨云班课.apk,,,,,,,,,0.75862069
220,328,/media/mobile/myExperiment/apps/apks_wandoujia/apks/all_app/人人视频.apk,,,,,,,,,0.670731707
131,321,/media/mobile/myExperiment/apps/apks_wandoujia/apks/all_app/美妆相机.apk,,,,,,,,,0.408099688
319,482,/media/mobile/myExperiment/apps/apks_wandoujia/apks/all_app/K歌达人.apk,,,,,,,,,0.661825726
1,5,/media/mobile/myExperiment/apps/apks_wandoujia/apks/all_app/迷你世界-我的方块世界动态壁纸.apk,,,,,,,,,0.2
91,220,/media/mobile/myExperiment/apps/apks_wandoujia/apks/all_app/考拉FM电台.apk,,,,,,,,,0.413636364
66,325,/media/mobile/myExperiment/apps/apks_wandoujia/apks/all_app/广东移动手机营业厅.apk,,,,,,,,,0.203076923
147,328,/media/mobile/myExperiment/apps/apks_wandoujia/apks/all_app/同程旅游.apk,,,,,,,,,0.448170732
30,148,/media/mobile/myExperiment/apps/apks_wandoujia/apks/all_app/虚拟架子鼓.apk,,,,,,,,,0.202702703
33,200,/media/mobile/myExperiment/apps/apks_wandoujia/apks/all_app/bodivis.apk,,,,,,,,,0.165
299,830,/media/mobile/myExperiment/apps/apks_wandoujia/apks/all_app/和通讯录.apk,,,,,,,,,0.360240964
117,235,/media/mobile/myExperiment/apps/apks_wandoujia/apks/all_app/360锁屏.apk,,,,,,,,,0.49787234
105,347,/media/mobile/myExperiment/apps/apks_wandoujia/apks/all_app/AfreecaTV在线视频.apk,,,,,,,,,0.30259366
71,172,/media/mobile/myExperiment/apps/apks_wandoujia/apks/all_app/讯飞输入法.apk,,,,,,,,,0.412790698
25,314,/media/mobile/myExperiment/apps/apks_wandoujia/apks/all_app/Fitbit.apk,,,,,,,,,0.079617834
28,74,/media/mobile/myExperiment/apps/apks_wandoujia/apks/all_app/夸克浏览器.apk,,,,,,,,,0.378378378
325,451,/media/mobile/myExperiment/apps/apks_wandoujia/apks/all_app/派派.apk,,,,,,,,,0.720620843
848,980,/media/mobile/myExperiment/apps/apks_wandoujia/apks/all_app/好大夫智慧互联网医院.apk,,,,,,,,,0.865306122
56,726,/media/mobile/myExperiment/apps/apks_wandoujia/apks/all_app/Hi运动.apk,,,,,,,,,0.077134986
146,283,/media/mobile/myExperiment/apps/apks_wandoujia/apks/all_app/TripAdvisor猫途鹰.apk,,,,,,,,,0.51590106
17,105,/media/mobile/myExperiment/apps/apks_wandoujia/apks/all_app/宝宝甜品店.apk,,,,,,,,,0.161904762
93,172,/media/mobile/myExperiment/apps/apks_wandoujia/apks/all_app/Angelababy壁纸主题锁屏.apk,,,,,,,,,0.540697674
90,192,/media/mobile/myExperiment/apps/apks_wandoujia/apks/all_app/优拜单车.apk,,,,,,,,,0.46875
47,127,/media/mobile/myExperiment/apps/apks_wandoujia/apks/all_app/宝宝学习涂颜色.apk,,,,,,,,,0.37007874
7,22,/media/mobile/myExperiment/apps/apks_wandoujia/apks/all_app/GO锁屏主题Changeful.apk,,,,,,,,,0.318181818
278,583,/media/mobile/myExperiment/apps/apks_wandoujia/apks/all_app/卡牛信用卡管家.apk,,,,,,,,,0.476843911
147,401,/media/mobile/myExperiment/apps/apks_wandoujia/apks/all_app/Runtastic公路自行车,专业版.apk,,,,,,,,0.366583541
18,43,/media/mobile/myExperiment/apps/apks_wandoujia/apks/all_app/Google,翻译.apk,,,,,,,,0.418604651
276,390,/media/mobile/myExperiment/apps/apks_wandoujia/apks/all_app/墨迹天气.apk,,,,,,,,,0.707692308
62,176,/media/mobile/myExperiment/apps/apks_wandoujia/apks/all_app/UC浏览器.apk,,,,,,,,,0.352272727
12,58,/media/mobile/myExperiment/apps/apks_wandoujia/apks/all_app/MyCity.apk,,,,,,,,,0.206896552
161,239,/media/mobile/myExperiment/apps/apks_wandoujia/apks/all_app/CCTV手机电视.apk,,,,,,,,,0.673640167
18,102,/media/mobile/myExperiment/apps/apks_wandoujia/apks/all_app/宝宝游乐园.apk,,,,,,,,,0.176470588
88,237,/media/mobile/myExperiment/apps/apks_wandoujia/apks/all_app/乐视视频.apk,,,,,,,,,0.371308017
17,25,/media/mobile/myExperiment/apps/apks_wandoujia/apks/all_app/双开助手(多开分身).apk,,,,,,,,,0.68
280,385,/media/mobile/myExperiment/apps/apks_wandoujia/apks/all_app/C-Life睡眠.apk,,,,,,,,,0.727272727
167,450,/media/mobile/myExperiment/apps/apks_wandoujia/apks/all_app/追书神器.apk,,,,,,,,,0.371111111
190,373,/media/mobile/myExperiment/apps/apks_wandoujia/apks/all_app/GPS工具箱.apk,,,,,,,,,0.509383378
17,104,/media/mobile/myExperiment/apps/apks_wandoujia/apks/all_app/宝宝学分类.apk,,,,,,,,,0.163461538
10,109,/media/mobile/myExperiment/apps/apks_wandoujia/apks/all_app/Retrica,复古相机.apk,,,,,,,,0.091743119
16,32,/media/mobile/myExperiment/apps/apks_wandoujia/apks/all_app/指纹解锁.apk,,,,,,,,,0.5
120,233,/media/mobile/myExperiment/apps/apks_wandoujia/apks/all_app/Mori手帐.apk,,,,,,,,,0.515021459
122,295,/media/mobile/myExperiment/apps/apks_wandoujia/apks/all_app/Eye,Care,Plus,护眼卫士.apk,,,,,,0.413559322
198,301,/media/mobile/myExperiment/apps/apks_wandoujia/apks/all_app/家长通.apk,,,,,,,,,0.657807309
16,86,/media/mobile/myExperiment/apps/apks_wandoujia/apks/all_app/宝宝巴士乐园.apk,,,,,,,,,0.186046512
160,363,/media/mobile/myExperiment/apps/apks_wandoujia/apks/all_app/老黄历日历万年历农历.apk,,,,,,,,,0.44077135
257,439,/media/mobile/myExperiment/apps/apks_wandoujia/apks/all_app/有信电话.apk,,,,,,,,,0.585421412
75,287,/media/mobile/myExperiment/apps/apks_wandoujia/apks/all_app/春雨计步器.apk,,,,,,,,,0.261324042
365,478,/media/mobile/myExperiment/apps/apks_wandoujia/apks/all_app/一起作业学生端.apk,,,,,,,,,0.763598326
41,149,/media/mobile/myExperiment/apps/apks_wandoujia/apks/all_app/贷款王.apk,,,,,,,,,0.275167785
224,334,/media/mobile/myExperiment/apps/apks_wandoujia/apks/all_app/小米运动.apk,,,,,,,,,0.670658683
197,331,/media/mobile/myExperiment/apps/apks_wandoujia/apks/all_app/MoboPlayer.apk,,,,,,,,,0.595166163
124,219,/media/mobile/myExperiment/apps/apks_wandoujia/apks/all_app/映客直播.apk,,,,,,,,,0.566210046
16,79,/media/mobile/myExperiment/apps/apks_wandoujia/apks/all_app/Durgon图标包.apk,,,,,,,,,0.202531646
908,1153,/media/mobile/myExperiment/apps/apks_wandoujia/apks/all_app/随手记.apk,,,,,,,,,0.787510841
73,212,/media/mobile/myExperiment/apps/apks_wandoujia/apks/all_app/WiFi电话.apk,,,,,,,,,0.344339623
93,172,/media/mobile/myExperiment/apps/apks_wandoujia/apks/all_app/EXO吴世勋主题锁屏.apk,,,,,,,,,0.540697674
21,119,/media/mobile/myExperiment/apps/apks_wandoujia/apks/all_app/hello短信.apk,,,,,,,,,0.176470588
18,105,/media/mobile/myExperiment/apps/apks_wandoujia/apks/all_app/宝宝生�15,33,/media/mobile/myExperiment/apps/apks_wandoujia/apks/all_app/北京实时公交.apk,,,,,,,0.171428571
135,254,/media/mobile/myExperiment/apps/apks_wandoujia/apks/all_app/DU,Launcher,-,提升手机性能.apk,,,,,,0.531496063
73,178,/media/mobile/myExperiment/apps/apks_wandoujia/apks/all_app/亚马逊Kindle阅读.apk,,,,,,,,,0.41011236
37,56,/media/mobile/myExperiment/apps/apks_wandoujia/apks/all_app/21健康.apk,,,,,,,,,0.660714286
48,160,/media/mobile/myExperiment/apps/apks_wandoujia/apks/all_app/落网.apk,,,,,,,,,0.3
76,125,/media/mobile/myExperiment/apps/apks_wandoujia/apks/all_app/finalCam.apk,,,,,,,,,0.608
29,118,/media/mobile/myExperiment/apps/apks_wandoujia/apks/all_app/小米锁屏画报.apk,,,,,,,,,0.245762712
44,182,/media/mobile/myExperiment/apps/apks_wandoujia/apks/all_app/PicsArt,Photo,Studio.apk,,,,,,,0.241758242
92,185,/media/mobile/myExperiment/apps/apks_wandoujia/apks/all_app/360新闻.apk,,,,,,,,,0.497297297
295,533,/media/mobile/myExperiment/apps/apks_wandoujia/apks/all_app/华为穿戴.apk,,,,,,,,,0.553470919
57,130,/media/mobile/myExperiment/apps/apks_wandoujia/apks/all_app/MimikkoUI开发版.apk,,,,,,,,,0.438461538
17,104,/media/mobile/myExperiment/apps/apks_wandoujia/apks/all_app/宝宝认知大全.apk,,,,,,,,,0.163461538
159,291,/media/mobile/myExperiment/apps/apks_wandoujia/apks/all_app/随身乐队.apk,,,,,,,,,0.546391753
60,198,/media/mobile/myExperiment/apps/apks_wandoujia/apks/all_app/智力岛一宝宝巴士.apk,,,,,,,,,0.303030303
15,56,/media/mobile/myExperiment/apps/apks_wandoujia/apks/all_app/Snapseed.apk,,,,,,,,,0.267857143
17,104,/media/mobile/myExperiment/apps/apks_wandoujia/apks/all_app/宝宝超市.apk,,,,,,,,,0.163461538
77,187,/media/mobile/myExperiment/apps/apks_wandoujia/apks/all_app/9158美女直播.apk,,,,,,,,,0.411764706
58,138,/media/mobile/myExperiment/apps/apks_wandoujia/apks/all_app/春秋旅游.apk,,,,,,,,,0.420289855
70,173,/media/mobile/myExperiment/apps/apks_wandoujia/apks/all_app/ehshig.apk,,,,,,,,,0.404624277
150,500,/media/mobile/myExperiment/apps/apks_wandoujia/apks/all_app/扇贝单词.apk,,,,,,,,,0.3
20,369,/media/mobile/myExperiment/apps/apks_wandoujia/apks/all_app/美团.apk,,,,,,,,,0.054200542
45,142,/media/mobile/myExperiment/apps/apks_wandoujia/apks/all_app/37度手环.apk,,,,,,,,,0.316901408
248,367,/media/mobile/myExperiment/apps/apks_wandoujia/apks/all_app/掌上TGP.apk,,,,,,,,,0.675749319
27,96,/media/mobile/myExperiment/apps/apks_wandoujia/apks/all_app/乐教乐学.apk,,,,,,,,,0.28125
39,143,/media/mobile/myExperiment/apps/apks_wandoujia/apks/all_app/粉笔公考.apk,,,,,,,,,0.272727273
121,402,/media/mobile/myExperiment/apps/apks_wandoujia/apks/all_app/360手机卫士.apk,,,,,,,,,0.300995025
165,330,/media/mobile/myExperiment/apps/apks_wandoujia/apks/all_app/掌上英雄联盟.apk,,,,,,,,,0.5
51,134,/media/mobile/myExperiment/apps/apks_wandoujia/apks/all_app/Now正念冥想.apk,,,,,,,,,0.380597015
93,172,/media/mobile/myExperiment/apps/apks_wandoujia/apks/all_app/Angelababy高清壁纸桌面.apk,,,,,,,,,0.540697674
11,53,/media/mobile/myExperiment/apps/apks_wandoujia/apks/all_app/天天练.apk,,,,,,,,,0.20754717
118,268,/media/mobile/myExperiment/apps/apks_wandoujia/apks/all_app/2345天气王.apk,,,,,,,,,0.440298507
44,105,/media/mobile/myExperiment/apps/apks_wandoujia/apks/all_app/Gmax.apk,,,,,,,,,0.419047619
419,567,/media/mobile/myExperiment/apps/apks_wandoujia/apks/all_app/来电通.apk,,,,,,,,,0.738977072
167,272,/media/mobile/myExperiment/apps/apks_wandoujia/apks/all_app/虎牙直播.apk,,,,,,,,,0.613970588
103,381,/media/mobile/myExperiment/apps/apks_wandoujia/apks/all_app/快看免费小说.apk,,,,,,,,,0.270341207
211,327,/media/mobile/myExperiment/apps/apks_wandoujia/apks/all_app/呼应电话.apk,,,,,,,,,0.645259939
51,127,/media/mobile/myExperiment/apps/apks_wandoujia/apks/all_app/CAJ云阅读.apk,,,,,,,,,0.401574803
213,389,/media/mobile/myExperiment/apps/apks_wandoujia/apks/all_app/壁纸多多.apk,,,,,,,,,0.547557841
123,332,/media/mobile/myExperiment/apps/apks_wandoujia/apks/all_app/微桌面.apk,,,,,,,,,0.370481928
190,398,/media/mobile/myExperiment/apps/apks_wandoujia/apks/all_app/闲鱼.apk,,,,,,,,,0.477386935
46,107,/media/mobile/myExperiment/apps/apks_wandoujia/apks/all_app/凌步海风羽速.apk,,,,,,,,,0.429906542
191,379,/media/mobile/myExperiment/apps/apks_wandoujia/apks/all_app/宝贝听听.apk,,,,,,,,,0.503957784
15,158,/media/mobile/myExperiment/apps/apks_wandoujia/apks/all_app/Viber.apk,,,,,,,,,0.094936709
26,128,/media/mobile/myExperiment/apps/apks_wandoujia/apks/all_app/全民K歌.apk,,,,,,,,,0.203125
394,659,/media/mobile/myExperiment/apps/apks_wandoujia/apks/all_app/微信电话本.apk,,,,,,,,,0.597875569
38,243,/media/mobile/myExperiment/apps/apks_wandoujia/apks/all_app/56视频.apk,,,,,,,,,0.156378601
9,148,/media/mobile/myExperiment/apps/apks_wandoujia/apks/all_app/BBC,News.apk,,,,,,,,0.060810811
335,569,/media/mobile/myExperiment/apps/apks_wandoujia/apks/all_app/宝宝树孕育.apk,,,,,,,,,0.588752197
205,413,/media/mobile/myExperiment/apps/apks_wandoujia/apks/all_app/阿里通电话.apk,,,,,,,,,0.496368039
176,301,/media/mobile/myExperiment/apps/apks_wandoujia/apks/all_app/东方财富网.apk,,,,,,,,,0.584717608
226,536,/media/mobile/myExperiment/apps/apks_wandoujia/apks/all_app/黄历天气.apk,,,,,,,,,0.421641791
101,272,/media/mobile/myExperiment/apps/apks_wandoujia/apks/all_app/酷我音乐.apk,,,,,,,,,0.371323529
97,210,/media/mobile/myExperiment/apps/apks_wandoujia/apks/all_app/1元乐购.apk,,,,,,,,,0.461904762
139,236,/media/mobile/myExperiment/apps/apks_wandoujia/apks/all_app/熊猫直播.apk,,,,,,,,,0.588983051
77,170,/media/mobile/myExperiment/apps/apks_wandoujia/apks/all_app/dulife.apk,,,,,,,,,0.452941176
112,344,/media/mobile/myExperiment/apps/apks_wandoujia/apks/all_app/用药助手.apk,,,,,,,,,0.325581395
6,52,/media/mobile/myExperiment/apps/apks_wandoujia/apks/all_app/AcDisplay,锁屏信息.apk,,,,,,,,0.115384615
27,298,/media/mobile/myExperiment/apps/apks_wandoujia/apks/all_app/LINE（连我）.apk,,,,,,,,,0.090604027
73,445,/media/mobile/myExperiment/apps/apks_wandoujia/apks/all_app/荔枝FM直播.apk,,,,,,,,,0.164044944
0,0,/media/mobile/myExperiment/apps/apks_wandoujia/apks/all_app/中国银行手机银行.apk,,,,,,,,,#DIV/0!
19,103,/media/mobile/myExperiment/apps/apks_wandoujia/apks/all_app/宝宝服装秀.apk,,,,,,,,,0.184466019
78,133,/media/mobile/myExperiment/apps/apks_wandoujia/apks/all_app/8684地铁.apk,,,,,,,,,0.586466165
12,88,/media/mobile/myExperiment/apps/apks_wandoujia/apks/all_app/绿色守护,(Greenify).apk,,,,,,,,0.136363636
196,440,/media/mobile/myExperiment/apps/apks_wandoujia/apks/all_app/安卓动态壁纸锁屏.apk,,,,,,,,,0.445454545
268,408,/media/mobile/myExperiment/apps/apks_wandoujia/apks/all_app/瘦瘦.apk,,,,,,,,,0.656862745
82,281,/media/mobile/myExperiment/apps/apks_wandoujia/apks/all_app/斗图神器.apk,,,,,,,,,0.291814947
11,25,/media/mobile/myExperiment/apps/apks_wandoujia/apks/all_app/Photoshop手机版.apk,,,,,,,,,0.44
69,372,/media/mobile/myExperiment/apps/apks_wandoujia/apks/all_app/搜狐视频.apk,,,,,,,,,0.185483871
406,661,/media/mobile/myExperiment/apps/apks_wandoujia/apks/all_app/蚂蚁短租.apk,,,,,,,,,0.614220877
136,297,/media/mobile/myExperiment/apps/apks_wandoujia/apks/all_app/肯德基.apk,,,,,,,,,0.457912458
429,682,/media/mobile/myExperiment/apps/apks_wandoujia/apks/all_app/脉脉.apk,,,,,,,,,0.629032258
247,383,/media/mobile/myExperiment/apps/apks_wandoujia/apks/all_app/电话手表.apk,,,,,,,,,0.644908616
280,473,/media/mobile/myExperiment/apps/apks_wandoujia/apks/all_app/凤凰新闻.apk,,,,,,,,,0.591966173
283,465,/media/mobile/myExperiment/apps/apks_wandoujia/apks/all_app/赶集网.apk,,,,,,,,,0.608602151
79,222,/media/mobile/myExperiment/apps/apks_wandoujia/apks/all_app/QQ浏览器.apk,,,,,,,,,0.355855856
1,60,/media/mobile/myExperiment/apps/apks_wandoujia/apks/all_app/北斗导航.apk,,,,,,,,,0.016666667
160,325,/media/mobile/myExperiment/apps/apks_wandoujia/apks/all_app/腾讯动漫.apk,,,,,,,,,0.492307692
8,66,/media/mobile/myExperiment/apps/apks_wandoujia/apks/all_app/Cuto.apk,,,,,,,,,0.121212121
90,318,/media/mobile/myExperiment/apps/apks_wandoujia/apks/all_app/ENJOY.apk,,,,,,,,,0.283018868
42,104,/media/mobile/myExperiment/apps/apks_wandoujia/apks/all_app/迷你飞信.apk,,,,,,,,,0.403846154
308,444,/media/mobile/myExperiment/apps/apks_wandoujia/apks/all_app/易信.apk,,,,,,,,,0.693693694
35,111,/media/mobile/myExperiment/apps/apks_wandoujia/apks/all_app/影音先锋.apk,,,,,,,,,0.315315315
130,222,/media/mobile/myExperiment/apps/apks_wandoujia/apks/all_app/莱秤.apk,,,,,,,,,0.585585586
62,141,/media/mobile/myExperiment/apps/apks_wandoujia/apks/all_app/字体大师.apk,,,,,,,,,0.439716312
5,16,/media/mobile/myExperiment/apps/apks_wandoujia/apks/all_app/FC2,Live.apk,,,,,,,,0.3125
159,321,/media/mobile/myExperiment/apps/apks_wandoujia/apks/all_app/红包锁屏.apk,,,,,,,,,0.495327103
88,215,/media/mobile/myExperiment/apps/apks_wandoujia/apks/all_app/POCO相机.apk,,,,,,,,,0.409302326
99,170,/media/mobile/myExperiment/apps/apks_wandoujia/apks/all_app/CCTV5.apk,,,,,,,,,0.582352941
106,181,/media/mobile/myExperiment/apps/apks_wandoujia/apks/all_app/ofo共享单车.apk,,,,,,,,,0.585635359
13,111,/media/mobile/myExperiment/apps/apks_wandoujia/apks/all_app/Sleep,Better优质睡眠应用程序.apk,,,,,,,,0.117117117
17,104,/media/mobile/myExperiment/apps/apks_wandoujia/apks/all_app/宝宝小厨房.apk,,,,,,,,,0.163461538
63,152,/media/mobile/myExperiment/apps/apks_wandoujia/apks/all_app/bilibili直播姬.apk,,,,,,,,,0.414473684
64,217,/media/mobile/myExperiment/apps/apks_wandoujia/apks/all_app/HTC,Sense,Home.apk,,,,,,,0.294930876
0,0,/media/mobile/myExperiment/apps/apks_wandoujia/apks/all_app/CHINA,DAILY.apk,,,,,,,,#DIV/0!
170,311,/media/mobile/myExperiment/apps/apks_wandoujia/apks/all_app/多听FM.apk,,,,,,,,,0.546623794
0,0,/media/mobile/myExperiment/apps/apks_wandoujia/apks/all_app/招商银行.apk,,,,,,,,,#DIV/0!
29,216,/media/mobile/myExperiment/apps/0,8,/media/mobile/myExperiment/apps/apks_wandoujia/apks/all_app/4G信号增强器.apk,,,,,,,0.134259259
34,68,/media/mobile/myExperiment/apps/apks_wandoujia/apks/all_app/Fuji,Xerox,Print,Utility.apk,,,,,,0.5
148,273,/media/mobile/myExperiment/apps/apks_wandoujia/apks/all_app/免费电子书.apk,,,,,,,,,0.542124542
41,123,/media/mobile/myExperiment/apps/apks_wandoujia/apks/all_app/美丽修行.apk,,,,,,,,,0.333333333
60,154,/media/mobile/myExperiment/apps/apks_wandoujia/apks/all_app/Ami桌面.apk,,,,,,,,,0.38961039
43,104,/media/mobile/myExperiment/apps/apks_wandoujia/apks/all_app/儿歌点点.apk,,,,,,,,,0.413461538
93,172,/media/mobile/myExperiment/apps/apks_wandoujia/apks/all_app/EXO动态壁纸主题锁屏.apk,,,,,,,,,0.540697674
0,7,/media/mobile/myExperiment/apps/apks_wandoujia/apks/all_app/Ali,Safdar.apk,,,,,,,,0
31,97,/media/mobile/myExperiment/apps/apks_wandoujia/apks/all_app/知乎.apk,,,,,,,,,0.319587629
195,345,/media/mobile/myExperiment/apps/apks_wandoujia/apks/all_app/影视大全.apk,,,,,,,,,0.565217391
149,569,/media/mobile/myExperiment/apps/apks_wandoujia/apks/all_app/e乐活.apk,,,,,,,,,0.261862917
50,120,/media/mobile/myExperiment/apps/apks_wandoujia/apks/all_app/9块9包邮.apk,,,,,,,,,0.416666667
23,119,/media/mobile/myExperiment/apps/apks_wandoujia/apks/all_app/糖果工厂.apk,,,,,,,,,0.193277311
19,65,/media/mobile/myExperiment/apps/apks_wandoujia/apks/all_app/TSF,Launcher.apk,,,,,,,,0.292307692
201,324,/media/mobile/myExperiment/apps/apks_wandoujia/apks/all_app/小豆苗疫苗助手.apk,,,,,,,,,0.62037037
429,648,/media/mobile/myExperiment/apps/apks_wandoujia/apks/all_app/途家.apk,,,,,,,,,0.662037037
45,121,/media/mobile/myExperiment/apps/apks_wandoujia/apks/all_app/宜人贷借款.apk,,,,,,,,,0.371900826
37,163,/media/mobile/myExperiment/apps/apks_wandoujia/apks/all_app/GO,开关+.apk,,,,,,,,0.226993865
188,364,/media/mobile/myExperiment/apps/apks_wandoujia/apks/all_app/91通讯录.apk,,,,,,,,,0.516483516
37,81,/media/mobile/myExperiment/apps/apks_wandoujia/apks/all_app/百分网.apk,,,,,,,,,0.456790123
93,172,/media/mobile/myExperiment/apps/apks_wandoujia/apks/all_app/EXO边伯贤主题锁屏.apk,,,,,,,,,0.540697674
result**********************************************************,,,,,,,,,,,
99940,202913,,,,,,,,,,0.492526354
